-- phpMyAdmin SQL Dump
-- version 4.9.2
-- https://www.phpmyadmin.net/
--
-- Host: localhost
-- Generation Time: Dec 05, 2022 at 07:58 AM
-- Server version: 10.4.11-MariaDB
-- PHP Version: 7.3.13

SET SQL_MODE = "NO_AUTO_VALUE_ON_ZERO";
SET AUTOCOMMIT = 0;
START TRANSACTION;
SET time_zone = "+00:00";


/*!40101 SET @OLD_CHARACTER_SET_CLIENT=@@CHARACTER_SET_CLIENT */;
/*!40101 SET @OLD_CHARACTER_SET_RESULTS=@@CHARACTER_SET_RESULTS */;
/*!40101 SET @OLD_COLLATION_CONNECTION=@@COLLATION_CONNECTION */;
/*!40101 SET NAMES utf8mb4 */;

--
-- Database: `test_procedure_stockee`
--

-- --------------------------------------------------------

--
-- Table structure for table `collines`
--

CREATE TABLE `collines` (
  `COLLINE_ID` int(11) NOT NULL,
  `COLLINE_NAME` varchar(100) NOT NULL,
  `ZONE_ID` int(11) DEFAULT NULL,
  `LATITUDE` float NOT NULL DEFAULT -1,
  `LONGITUDE` float NOT NULL DEFAULT -1
) ENGINE=InnoDB DEFAULT CHARSET=latin1;

--
-- Dumping data for table `collines`
--

INSERT INTO `collines` (`COLLINE_ID`, `COLLINE_NAME`, `ZONE_ID`, `LATITUDE`, `LONGITUDE`) VALUES
(1, ' Kagoti', 73, -1, -1),
(2, ' Kavumu', 50, -1, -1),
(3, ' Rwamfu', 142, -1, -1),
(4, '  Kidobori', 103, -1, -1),
(5, '  Maruri', 50, -1, -1),
(6, '  Nyamurenge', 103, -1, -1),
(7, '    Banda', 221, -1, -1),
(8, '    Bucamihigo', 353, -1, -1),
(9, '    Buganuka', 221, -1, -1),
(10, '    Bugorora', 291, -1, -1),
(11, '    Buhanda', 96, -1, -1),
(12, '    Buhigiranka', 8, -1, -1),
(13, '    Buhinga', 272, -1, -1),
(14, '    Buniha', 353, -1, -1),
(15, '    Burenge', 201, -1, -1),
(16, '    Burenza', 58, -1, -1),
(17, '    Burenza', 328, -1, -1),
(18, '    Busoro', 302, -1, -1),
(19, '    Butaganda', 58, -1, -1),
(20, '    Buye', 58, -1, -1),
(21, '    Buziragahama', 96, -1, -1),
(22, '    Bwiza-Bweranka', 228, -1, -1),
(23, '    Cagura', 353, -1, -1),
(24, '    Cahi', 58, -1, -1),
(25, '    Cero', 300, -1, -1),
(26, '    Cigumije', 217, -1, -1),
(27, '    Gabiro', 69, -1, -1),
(28, '    Gahengeri', 228, -1, -1),
(29, '    Gahwazi', 302, -1, -1),
(30, '    Gakenke', 291, -1, -1),
(31, '    Gasebeyi', 217, -1, -1),
(32, '    Gasegerwa', 329, -1, -1),
(33, '    Gatakazi', 272, -1, -1),
(34, '    Gatsinda', 96, -1, -1),
(35, '    Gatwe', 8, -1, -1),
(36, '    Gicu', 329, -1, -1),
(37, '    Gihama', 291, -1, -1),
(38, '    Giheta', 272, -1, -1),
(39, '    Gihoma', 193, -1, -1),
(40, '    Gikingo', 329, -1, -1),
(41, '    Gikomero', 328, -1, -1),
(42, '    Gisagara', 302, -1, -1),
(43, '    Gisasa', 381, -1, -1),
(44, '    Gisekuro', 201, -1, -1),
(45, '    Gitamo', 353, -1, -1),
(46, '    Gitanga', 353, -1, -1),
(47, '    Gitaramuka', 353, -1, -1),
(48, '    Gitare', 329, -1, -1),
(49, '    Gitasi', 291, -1, -1),
(50, '    Giturwe', 221, -1, -1),
(51, '    Gitwa', 96, -1, -1),
(52, '    Gitwenzi', 217, -1, -1),
(53, '    Gitwenzi', 221, -1, -1),
(54, '    Hayiro', 58, -1, -1),
(55, '    Higiro', 328, -1, -1),
(56, '    Hina', 217, -1, -1),
(57, '    Kabasazi', 291, -1, -1),
(58, '    Kabataha', 96, -1, -1),
(59, '    Kabazana', 96, -1, -1),
(60, '    Kabuye', 353, -1, -1),
(61, '    Kaganda', 329, -1, -1),
(62, '    Kagina', 201, -1, -1),
(63, '    Kagoma', 329, -1, -1),
(64, '    Kagoma', 353, -1, -1),
(65, '    Kagozi', 291, -1, -1),
(66, '    Kagunga', 272, -1, -1),
(67, '    Kajaga', 329, -1, -1),
(68, '    Kamaramagambo', 272, -1, -1),
(69, '    Kambati', 217, -1, -1),
(70, '    Kanyami', 69, -1, -1),
(71, '    Karera', 381, -1, -1),
(72, '    Karungura', 291, -1, -1),
(73, '    Kavumu', 228, -1, -1),
(74, '    Kayanza', 96, -1, -1),
(75, '    Kayogoro', 228, -1, -1),
(76, '    Kibindi', 96, -1, -1),
(77, '    Kigina', 8, -1, -1),
(78, '    Kigoma', 201, -1, -1),
(79, '    Kigufi', 201, -1, -1),
(80, '    Kimenyi', 237, -1, -1),
(81, '    Kimerejana', 221, -1, -1),
(82, '    Kinyami', 69, -1, -1),
(83, '    Kinyami', 353, -1, -1),
(84, '    Kinyana', 302, -1, -1),
(85, '    Kinyovu', 8, -1, -1),
(86, '    Kiruri', 217, -1, -1),
(87, '    Kivuzo', 193, -1, -1),
(88, '    Kizenga', 201, -1, -1),
(89, '    Kobero', 221, -1, -1),
(90, '    Mabawe', 381, -1, -1),
(91, '    Maganahe', 272, -1, -1),
(92, '    Makaba', 193, -1, -1),
(93, '    Makaba', 201, -1, -1),
(94, '    Makakwe', 300, -1, -1),
(95, '    Makombe', 302, -1, -1),
(96, '    Martyazo', 8, -1, -1),
(97, '    Masama', 8, -1, -1),
(98, '    Masama-Burima', 237, -1, -1),
(99, '    Mbaba', 193, -1, -1),
(100, '    Mbuza', 381, -1, -1),
(101, '    Mihigo', 221, -1, -1),
(102, '    Mirango', 217, -1, -1),
(103, '    Mivo', 217, -1, -1),
(104, '    Mubanga', 221, -1, -1),
(105, '    Mubuga', 228, -1, -1),
(106, '    Mugende', 329, -1, -1),
(107, '    Mugomera', 237, -1, -1),
(108, '    Muhama', 221, -1, -1),
(109, '    Mungwa', 300, -1, -1),
(110, '    Munywero', 300, -1, -1),
(111, '    Murama', 96, -1, -1),
(112, '    Muremera', 69, -1, -1),
(113, '    Musagara', 300, -1, -1),
(114, '    Mushitsi', 58, -1, -1),
(115, '    Mushonge', 8, -1, -1),
(116, '    Mutara', 328, -1, -1),
(117, '    Mwungere', 217, -1, -1),
(118, '    Ndihwe', 201, -1, -1),
(119, '    Ngoma', 300, -1, -1),
(120, '    Nkero', 193, -1, -1),
(121, '    Ntaho', 237, -1, -1),
(122, '    Ntembe', 291, -1, -1),
(123, '    Nyabibuye', 300, -1, -1),
(124, '    Nyabigozi', 272, -1, -1),
(125, '    Nyabihanga', 237, -1, -1),
(126, '    Nyabikenke', 329, -1, -1),
(127, '    Nyakibari', 201, -1, -1),
(128, '    Nyangazi', 381, -1, -1),
(129, '    Nyanza', 237, -1, -1),
(130, '    Nyanza', 381, -1, -1),
(131, '    Nyaruntana', 228, -1, -1),
(132, '    Nyunzwe', 328, -1, -1),
(133, '    Nzove', 58, -1, -1),
(134, '    Rugomba', 328, -1, -1),
(135, '    Rugunga', 381, -1, -1),
(136, '    Ruhongore', 237, -1, -1),
(137, '    Runda', 328, -1, -1),
(138, '    Rurama', 8, -1, -1),
(139, '    Rusuguti', 69, -1, -1),
(140, '    Rwahirwa', 193, -1, -1),
(141, '    Saramasaka', 291, -1, -1),
(142, '    Sare', 228, -1, -1),
(143, '    Shanga', 381, -1, -1),
(144, '    Shango', 228, -1, -1),
(145, '    Shinge', 8, -1, -1),
(146, '    Gacekeri', 302, -1, -1),
(147, '   Bitambwe', 103, -1, -1),
(148, '   Congori', 103, -1, -1),
(149, '   Gicumbi', 103, -1, -1),
(150, '   Kinyuku', 50, -1, -1),
(151, '   Masama', 103, -1, -1),
(152, '   Muhuzo', 103, -1, -1),
(153, '   Rabiro', 50, -1, -1),
(154, '   Rubaya', 73, -1, -1),
(155, '  Bihangare', 103, -1, -1),
(156, '  Kidasha', 73, -1, -1),
(157, '  Kinonora', 142, -1, -1),
(158, '  Kirungu', 73, -1, -1),
(159, '  Kobero', 50, -1, -1),
(160, '  Mugongo', 142, -1, -1),
(161, '  Murehe', 142, -1, -1),
(162, '  Ntaruka', 142, -1, -1),
(163, '  Ntobwe', 83, -1, -1),
(164, ' Biganda', 259, -1, -1),
(165, ' Bubanda', 367, -1, -1),
(166, ' Buhinyuza', 26, -1, -1),
(167, ' Buhorana', 50, -1, -1),
(168, ' Bupfunda', 270, -1, -1),
(169, ' Burambana', 259, -1, -1),
(170, ' Busiga', 73, -1, -1),
(171, ' Busimba', 15, -1, -1),
(172, ' Butihinda', 55, -1, -1),
(173, ' Butihinda', 83, -1, -1),
(174, ' Buvumbi', 56, -1, -1),
(175, ' Cagizo', 142, -1, -1),
(176, ' Camumandu', 367, -1, -1),
(177, ' Gahahe', 56, -1, -1),
(178, ' Gakenke', 380, -1, -1),
(179, ' Gatebe', 15, -1, -1),
(180, ' Gatwenzi', 142, -1, -1),
(181, ' Gihogo', 130, -1, -1),
(182, ' Gitaramuka', 83, -1, -1),
(183, ' Kamaramagambo', 142, -1, -1),
(184, ' Kara', 130, -1, -1),
(185, ' Karehe', 26, -1, -1),
(186, ' Karongwe', 83, -1, -1),
(187, ' Kibogoye', 15, -1, -1),
(188, ' Kirama', 15, -1, -1),
(189, ' Kiyange', 83, -1, -1),
(190, ' Kiziba', 211, -1, -1),
(191, ' Mabago', 26, -1, -1),
(192, ' Maramvya', 55, -1, -1),
(193, ' Masaka', 56, -1, -1),
(194, ' Mbuye', 211, -1, -1),
(195, ' Mirinzi', 382, -1, -1),
(196, ' Mpehe', 15, -1, -1),
(197, ' Mubira', 382, -1, -1),
(198, ' Mugerera', 211, -1, -1),
(199, ' Mugomere', 380, -1, -1),
(200, ' Munyinya', 55, -1, -1),
(201, ' Munyinya', 270, -1, -1),
(202, ' Murambi', 259, -1, -1),
(203, ' Murinzi', 270, -1, -1),
(204, ' Musagara', 259, -1, -1),
(205, ' Musave', 270, -1, -1),
(206, ' Mushikamo', 270, -1, -1),
(207, ' Mwegera', 211, -1, -1),
(208, ' Ngara', 55, -1, -1),
(209, ' Nkonyovu', 270, -1, -1),
(210, ' Nyabucugu', 26, -1, -1),
(211, ' Nyagishiru', 130, -1, -1),
(212, ' Nyankurazo', 130, -1, -1),
(213, ' Nyaruhengeri', 26, -1, -1),
(214, ' Nyarunazi', 26, -1, -1),
(215, ' Rugazi', 26, -1, -1),
(216, ' Rugongo', 130, -1, -1),
(217, ' Rukira', 55, -1, -1),
(218, ' Rushombo', 55, -1, -1),
(219, ' Shombo', 382, -1, -1),
(220, ' Wingoma', 50, -1, -1),
(221, ' Zaga', 56, -1, -1),
(222, 'Bigoma', 282, -1, -1),
(223, ' Yove', 272, -1, -1),
(224, 'Kayove', 366, -1, -1),
(225, 'Kibinzi', 366, -1, -1),
(226, 'Matutu', 118, -1, -1),
(227, 'Mika', 118, -1, -1),
(228, 'Monge', 233, -1, -1),
(229, 'Mugendo', 233, -1, -1),
(230, 'Muhingamo', 108, -1, -1),
(231, 'Mukoni', 353, -1, -1),
(232, 'Mungwa', 118, -1, -1),
(233, 'Munyange', 218, -1, -1),
(234, 'Munyinya', 116, -1, -1),
(235, 'Murago', 108, -1, -1),
(236, 'Mureba', 359, -1, -1),
(237, 'Murehe', 116, -1, -1),
(238, 'Murungurira', 400, -1, -1),
(239, 'Musenga', 183, -1, -1),
(240, 'Musenyi', 118, -1, -1),
(241, 'Mutara', 200, -1, -1),
(242, 'Mutobo', 353, -1, -1),
(243, 'Mutoyi', 34, -1, -1),
(244, 'Mutsinda', 218, -1, -1),
(245, 'Muyange', 133, -1, -1),
(246, 'Muyebe', 34, -1, -1),
(247, 'Muyinga(Centre-Urbain)', 281, -1, -1),
(248, 'Mwayi', 366, -1, -1),
(249, 'Namande', 359, -1, -1),
(250, 'Ngozi', 168, -1, -1),
(251, 'Nkoyoyo', 281, -1, -1),
(252, 'Nkurubuye', 116, -1, -1),
(253, 'Ntago', 233, -1, -1),
(254, 'Ntende', 116, -1, -1),
(255, 'Ntuku', 366, -1, -1),
(256, 'Nyabigabiro', 116, -1, -1),
(257, 'Nyabihanga', 34, -1, -1),
(258, 'Nyabihanga', 150, -1, -1),
(259, 'Nyagashanga', 359, -1, -1),
(260, 'Nyagatovu', 34, -1, -1),
(261, 'Nyakibanda', 34, -1, -1),
(262, 'Nyakibingo', 221, -1, -1),
(263, 'Nyamarumba', 249, -1, -1),
(264, 'Nyamirembe', 34, -1, -1),
(265, 'Nyamisebo', 218, -1, -1),
(266, 'Nyamivuma', 34, -1, -1),
(267, 'Nyamugari', 25, -1, -1),
(268, 'Nyamugari', 133, -1, -1),
(269, 'Nyamugari', 315, -1, -1),
(270, 'Nyamugari', 353, -1, -1),
(271, 'Nyamugari', 359, -1, -1),
(272, 'Nyamure', 118, -1, -1),
(273, 'Nyamurenge', 195, -1, -1),
(274, 'Nyamusenga', 66, -1, -1),
(275, 'Nyamyumba', 34, -1, -1),
(276, 'Nyantakara', 5, -1, -1),
(277, 'Nyanza', 201, -1, -1),
(278, 'Nyanza-Tubiri', 218, -1, -1),
(279, 'Nyanzuki', 118, -1, -1),
(280, 'Nyarubere', 366, -1, -1),
(281, 'Nyarubimba', 118, -1, -1),
(282, 'Nyarumanga', 116, -1, -1),
(283, 'Nyarunazi', 133, -1, -1),
(284, 'Nyarurambi', 262, -1, -1),
(285, 'Nyinya', 221, -1, -1),
(286, 'Nyuro', 108, -1, -1),
(287, 'Ramba', 108, -1, -1),
(288, 'Ramvya', 118, -1, -1),
(289, 'Remera', 315, -1, -1),
(290, 'Renga', 201, -1, -1),
(291, 'Rimiro', 353, -1, -1),
(292, 'Rongero', 366, -1, -1),
(293, 'Rorero', 132, -1, -1),
(294, 'Rubabara', 108, -1, -1),
(295, 'Rubambagire', 232, -1, -1),
(296, 'Rubanga', 316, -1, -1),
(297, 'Rucunda', 359, -1, -1),
(298, 'Rugeri', 34, -1, -1),
(299, 'RugeroI', 178, -1, -1),
(300, 'RugeroII', 178, -1, -1),
(301, 'Rugori', 213, -1, -1),
(302, 'Ruhama', 175, -1, -1),
(303, 'Ruhata', 267, -1, -1),
(304, 'Ruhuni', 316, -1, -1),
(305, 'Rukago', 79, -1, -1),
(306, 'Rukamba', 25, -1, -1),
(307, 'Rukobe', 116, -1, -1),
(308, 'Rukore', 306, -1, -1),
(309, 'Rukurazo', 96, -1, -1),
(310, 'Runyankezi', 306, -1, -1),
(311, 'Ruramba', 201, -1, -1),
(312, 'Ruregeya', 118, -1, -1),
(313, 'Rurimbi', 315, -1, -1),
(314, 'Rurtyazo', 183, -1, -1),
(315, 'Rusaka', 359, -1, -1),
(316, 'Rusange', 116, -1, -1),
(317, 'Rusengo', 281, -1, -1),
(318, 'Rushemeza', 366, -1, -1),
(319, 'Rushungura', 366, -1, -1),
(320, 'Rusumo', 346, -1, -1),
(321, 'Rusunu', 366, -1, -1),
(322, 'Rutagara', 233, -1, -1),
(323, 'Rutegama', 367, -1, -1),
(324, 'Rutobo', 267, -1, -1),
(325, 'Rutoke', 346, -1, -1),
(326, 'Rutonde', 116, -1, -1),
(327, 'Ruyaga', 295, -1, -1),
(328, 'Ruyaga', 353, -1, -1),
(329, 'Ruyigi', 168, -1, -1),
(330, 'Ruyivyi', 346, -1, -1),
(331, 'Ruyumpu', 175, -1, -1),
(332, 'Ruzingati', 79, -1, -1),
(333, 'Rwabiriro', 96, -1, -1),
(334, 'Rwamiko', 353, -1, -1),
(335, 'Rwanyege', 213, -1, -1),
(336, 'Rwarangabo', 96, -1, -1),
(337, 'Rweru', 133, -1, -1),
(338, 'Rwimbogo', 175, -1, -1),
(339, 'Rwimbogo', 249, -1, -1),
(340, 'Rwintare', 195, -1, -1),
(341, 'Rwizingwe', 86, -1, -1),
(342, 'Ryabihira', 346, -1, -1),
(343, 'Ryarunyinya', 221, -1, -1),
(344, 'Sabunda', 86, -1, -1),
(345, 'Sampeke', 5, -1, -1),
(346, 'Samwe', 350, -1, -1),
(347, 'Sanzu', 373, -1, -1),
(348, 'Sanzwe', 249, -1, -1),
(349, 'Sasa', 233, -1, -1),
(350, 'Shana', 359, -1, -1),
(351, 'Shaya', 32, -1, -1),
(352, 'Shikankoni', 137, -1, -1),
(353, 'Socarti', 168, -1, -1),
(354, 'Songa', 125, -1, -1),
(355, 'Susa', 400, -1, -1),
(356, 'TabaI', 221, -1, -1),
(357, 'TabaII', 221, -1, -1),
(358, 'Tambi-Kibande', 347, -1, -1),
(359, 'Teka', 211, -1, -1),
(360, 'Tema', 32, -1, -1),
(361, 'Teme', 347, -1, -1),
(362, 'Titi', 232, -1, -1),
(364, 'Vumwe', 170, -1, -1),
(365, 'Yanza', 313, -1, -1),
(366, 'Yaranda', 178, -1, -1),
(367, 'Mukike', 180, -1, -1),
(368, 'Coga', 282, -1, -1),
(369, 'Kiganda', 82, -1, -1),
(370, 'RutanaUrbain', 366, -1, -1),
(371, 'Rwerambere', 116, -1, -1),
(372, 'Rwisuri', 34, -1, -1),
(373, 'Shoti', 366, -1, -1),
(374, 'Bambo', 368, -1, -1),
(375, 'Banda', 284, -1, -1),
(376, 'Bandaga', 345, -1, -1),
(377, 'Banga', 2, -1, -1),
(378, 'Bartye', 262, -1, -1),
(379, 'Bayaga', 101, -1, -1),
(380, 'Bayumbu', 238, -1, -1),
(381, 'Baziro', 3, -1, -1),
(382, 'Benga', 4, -1, -1),
(383, 'Benga', 137, -1, -1),
(384, 'Benja', 154, -1, -1),
(385, 'Bibare', 363, -1, -1),
(386, 'Bibate', 191, -1, -1),
(387, 'Bigera', 218, -1, -1),
(388, 'Bigera', 232, -1, -1),
(389, 'Bigera', 379, -1, -1),
(390, 'Bigina', 5, -1, -1),
(391, 'Bigina', 119, -1, -1),
(392, 'Bigombo', 172, -1, -1),
(393, 'Bigombo', 383, -1, -1),
(394, 'Bigugo', 336, -1, -1),
(395, 'Bigwa', 372, -1, -1),
(396, 'Bigwana', 20, -1, -1),
(397, 'Bihanga', 207, -1, -1),
(398, 'Bihanga', 252, -1, -1),
(399, 'Bihembe', 296, -1, -1),
(400, 'Bihembe', 360, -1, -1),
(401, 'Bihembe', 317, -1, -1),
(402, 'Bihogo', 89, -1, -1),
(403, 'Bihomvora', 33, -1, -1),
(404, 'Bihororo', 102, -1, -1),
(405, 'Bihunge', 2, -1, -1),
(406, 'Bikanka', 6, -1, -1),
(407, 'Bikinga', 307, -1, -1),
(408, 'Bikinga', 360, -1, -1),
(409, 'Bikingi', 33, -1, -1),
(410, 'Bikobe', 121, -1, -1),
(411, 'Biniganyi', 156, -1, -1),
(412, 'Birimba', 357, -1, -1),
(413, 'Birohe', 125, -1, -1),
(415, 'Bisaka', 255, -1, -1),
(416, 'Bisha', 140, -1, -1),
(417, 'Bisha', 195, -1, -1),
(418, 'Bishuri', 140, -1, -1),
(419, 'Bisiga', 126, -1, -1),
(420, 'Bisinde', 9, -1, -1),
(421, 'Bisoro', 279, -1, -1),
(422, 'Bitagazwa', 18, -1, -1),
(423, 'Bitambwe', 213, -1, -1),
(424, 'Bitare', 11, -1, -1),
(425, 'Bitare', 296, -1, -1),
(426, 'Bitezi', 88, -1, -1),
(427, 'Bitwe', 242, -1, -1),
(428, 'Biyorwa', 12, -1, -1),
(429, 'Biziya', 335, -1, -1),
(430, 'Bomba', 269, -1, -1),
(431, 'Bonero', 109, -1, -1),
(432, 'Bonero', 183, -1, -1),
(433, 'Bonero', 347, -1, -1),
(434, 'Borera', 152, -1, -1),
(435, 'Bubaji', 38, -1, -1),
(436, 'Bubaji', 183, -1, -1),
(437, 'Bubaji', 314, -1, -1),
(438, 'Bubanga', 151, -1, -1),
(439, 'Bubanza', 168, -1, -1),
(440, 'Rukingiro', 274, -1, -1),
(441, 'Bubenga', 280, -1, -1),
(442, 'Bubezi', 150, -1, -1),
(443, 'Bubogora', 92, -1, -1),
(444, 'Bubogora', 265, -1, -1),
(445, 'Buburu', 10, -1, -1),
(446, 'Buburu', 114, -1, -1),
(447, 'Bucamihigo', 55, -1, -1),
(448, 'Bucana', 3, -1, -1),
(449, 'Bucana', 231, -1, -1),
(450, 'Budahirwa', 200, -1, -1),
(451, 'Budahunga', 246, -1, -1),
(452, 'Budaketwa', 121, -1, -1),
(453, 'Buga', 91, -1, -1),
(454, 'Buga', 198, -1, -1),
(455, 'Bugama', 295, -1, -1),
(456, 'Bugarama', 9, -1, -1),
(457, 'Bugarama', 14, -1, -1),
(458, 'Bugega', 191, -1, -1),
(459, 'Bugeni', 7, -1, -1),
(460, 'Bugenyuzi', 17, -1, -1),
(461, 'Bugera', 60, -1, -1),
(462, 'Bugera', 107, -1, -1),
(463, 'Bugiga', 49, -1, -1),
(464, 'Bugoma', 375, -1, -1),
(465, 'Bugomora', 281, -1, -1),
(466, 'Bugongo', 170, -1, -1),
(467, 'Bugongo', 274, -1, -1),
(468, 'Bugonza', 288, -1, -1),
(469, 'Bugorora', 19, -1, -1),
(470, 'Bugorora', 306, -1, -1),
(471, 'Bugorora', 359, -1, -1),
(472, 'Bugumbasha', 196, -1, -1),
(473, 'Bugume', 349, -1, -1),
(474, 'Bugunga', 118, -1, -1),
(475, 'Bugungu', 83, -1, -1),
(476, 'Bugwana', 127, -1, -1),
(477, 'Bugwana', 307, -1, -1),
(478, 'Buhabwa', 146, -1, -1),
(479, 'Buhama', 267, -1, -1),
(480, 'Buhanda', 32, -1, -1),
(481, 'Buhanda', 190, -1, -1),
(482, 'Buhanda', 274, -1, -1),
(483, 'Buhanga', 129, -1, -1),
(484, 'Buhangara', 386, -1, -1),
(485, 'Buhangura', 20, -1, -1),
(486, 'Buhayira', 21, -1, -1),
(487, 'Buheka', 156, -1, -1),
(488, 'Buhema', 234, -1, -1),
(489, 'Buhevyi', 19, -1, -1),
(490, 'BuhigaCentreUrbain', 23, -1, -1),
(491, 'Buhimba', 263, -1, -1),
(492, 'Buhina', 184, -1, -1),
(493, 'Buhinda', 99, -1, -1),
(494, 'Buhindo', 24, -1, -1),
(495, 'Buhindye', 347, -1, -1),
(496, 'Buhinga', 253, -1, -1),
(497, 'Buhinyuza', 25, -1, -1),
(499, 'Buhinyuza', 168, -1, -1),
(500, 'Buhinyuza', 202, -1, -1),
(501, 'Buhogo', 54, -1, -1),
(502, 'Buhogo', 159, -1, -1),
(503, 'Buhonga', 372, -1, -1),
(504, 'BuhoroI', 13, -1, -1),
(505, 'BuhoroII', 13, -1, -1),
(506, 'Buhoro', 27, -1, -1),
(507, 'Buhoro', 28, -1, -1),
(508, 'Buhoro', 95, -1, -1),
(509, 'Buhoro', 131, -1, -1),
(510, 'Buhorwa', 332, -1, -1),
(511, 'Buhurana', 249, -1, -1),
(512, 'Buhurika', 271, -1, -1),
(513, 'Bujondi', 234, -1, -1),
(515, 'Bukemba', 29, -1, -1),
(516, 'Bukeno', 101, -1, -1),
(517, 'Bukeye', 31, -1, -1),
(518, 'Bukeye', 331, -1, -1),
(519, 'Bukinga', 133, -1, -1),
(520, 'Bukinga', 271, -1, -1),
(521, 'BukirasaziI', 168, -1, -1),
(522, 'BukirasaziII', 168, -1, -1),
(523, 'Bukirasazi', 32, -1, -1),
(524, 'Bukirasazi', 310, -1, -1),
(525, 'Bukoro', 33, -1, -1),
(526, 'Bukunda', 153, -1, -1),
(527, 'Bukwanzi', 343, -1, -1),
(528, 'Bukwavu', 315, -1, -1),
(529, 'Bukwazo', 227, -1, -1),
(530, 'Bumba', 35, -1, -1),
(531, 'Bumba', 65, -1, -1),
(532, 'Bumba', 303, -1, -1),
(533, 'Bunogera', 18, -1, -1),
(534, 'Bunogera', 362, -1, -1),
(535, 'Bunyambo', 116, -1, -1),
(536, 'Bunyange', 359, -1, -1),
(537, 'Bunyarukiga', 319, -1, -1),
(538, 'Bunyerere', 108, -1, -1),
(539, 'Bunyuka', 145, -1, -1),
(540, 'Bunywana', 18, -1, -1),
(541, 'Bunywana', 83, -1, -1),
(542, 'Bunywana', 346, -1, -1),
(543, 'Bunywera', 27, -1, -1),
(544, 'Buramata=V1', 100, -1, -1),
(545, 'Burambira', 36, -1, -1),
(546, 'Buranga', 165, -1, -1),
(547, 'Burangwa', 189, -1, -1),
(548, 'Burara', 93, -1, -1),
(549, 'Burarana', 34, -1, -1),
(550, 'Burarana', 37, -1, -1),
(551, 'Burarana', 42, -1, -1),
(552, 'Burarana', 283, -1, -1),
(553, 'Burasira', 130, -1, -1),
(554, 'Burazi', 43, -1, -1),
(555, 'Burengo', 345, -1, -1),
(556, 'Burenza', 12, -1, -1),
(557, 'Burenza', 36, -1, -1),
(558, 'Burenza', 75, -1, -1),
(559, 'Burenza', 203, -1, -1),
(560, 'Burenza', 253, -1, -1),
(561, 'Burenza', 369, -1, -1),
(562, 'Burenza-Kibande', 347, -1, -1),
(563, 'Nyarwedeka', 274, -1, -1),
(564, 'Masenga', 274, -1, -1),
(565, 'Burima', 153, -1, -1),
(566, 'Burima', 281, -1, -1),
(567, 'BurimbiI', 296, -1, -1),
(568, 'BurimbiII', 206, -1, -1),
(569, 'Buringa', 39, -1, -1),
(570, 'Buringa', 89, -1, -1),
(571, 'Buringa', 242, -1, -1),
(572, 'Buringa', 263, -1, -1),
(573, 'Buringanire', 233, -1, -1),
(574, 'Buriza', 38, -1, -1),
(575, 'Buruhukiro', 362, -1, -1),
(576, 'Burunga', 82, -1, -1),
(577, 'Bururi', 168, -1, -1),
(578, 'Busambo', 264, -1, -1),
(579, 'Busangana', 42, -1, -1),
(580, 'Busasa', 109, -1, -1),
(581, 'Busebwa', 94, -1, -1),
(582, 'Busekera', 30, -1, -1),
(583, 'Busenge', 43, -1, -1),
(584, 'Busenyi', 107, -1, -1),
(585, 'Busesa', 28, -1, -1),
(586, 'Bushirambeho', 25, -1, -1),
(587, 'Bushoka', 225, -1, -1),
(588, 'Busiga', 181, -1, -1),
(589, 'Busokoza', 46, -1, -1),
(590, 'Busoro', 45, -1, -1),
(591, 'Busuma', 155, -1, -1),
(592, 'Busumanyi', 236, -1, -1),
(593, 'Busura', 197, -1, -1),
(594, 'Busyana', 327, -1, -1),
(595, 'Buta', 118, -1, -1),
(596, 'Butaganda', 95, -1, -1),
(597, 'Butagazwa', 239, -1, -1),
(598, 'Butaha', 280, -1, -1),
(599, 'Butaha', 298, -1, -1),
(600, 'Butahana', 127, -1, -1),
(601, 'Butambara', 219, -1, -1),
(602, 'Butambara', 366, -1, -1),
(603, 'Butamuheba', 252, -1, -1),
(604, 'Butamya', 219, -1, -1),
(605, 'Butanuka', 48, -1, -1),
(606, 'Butanyerera', 78, -1, -1),
(607, 'Butara', 35, -1, -1),
(608, 'Butaramuka', 44, -1, -1),
(609, 'Butarangira', 295, -1, -1),
(610, 'Butare', 49, -1, -1),
(611, 'Butare', 129, -1, -1),
(612, 'Butare', 152, -1, -1),
(613, 'Butare', 267, -1, -1),
(614, 'Butavuka', 286, -1, -1),
(615, 'Butazi', 294, -1, -1),
(616, 'Butega', 24, -1, -1),
(617, 'Butega', 203, -1, -1),
(618, 'Butegana', 246, -1, -1),
(619, 'Butegana', 323, -1, -1),
(620, 'Butegeye', 277, -1, -1),
(621, 'Butemba', 52, -1, -1),
(622, 'Butembe', 48, -1, -1),
(623, 'Butezi', 52, -1, -1),
(624, 'Butezi', 54, -1, -1),
(625, 'Butezi', 79, -1, -1),
(626, 'Butezi', 320, -1, -1),
(627, 'Butihinda', 75, -1, -1),
(628, 'Butihinda', 127, -1, -1),
(629, 'Butirabura', 63, -1, -1),
(630, 'Butobwe', 260, -1, -1),
(631, 'Butobwe', 288, -1, -1),
(632, 'Butovyi', 366, -1, -1),
(633, 'Butsimba', 389, -1, -1),
(634, 'Butuhurana', 37, -1, -1),
(635, 'Butwe', 110, -1, -1),
(636, 'Butwe', 334, -1, -1),
(637, 'Butwe', 336, -1, -1),
(638, 'Buvumbi', 319, -1, -1),
(639, 'Buvumo', 348, -1, -1),
(640, 'Buyaga', 20, -1, -1),
(641, 'Buyaga', 287, -1, -1),
(642, 'Buyenzi', 202, -1, -1),
(643, 'Buyenzi', 242, -1, -1),
(644, 'Buyimba', 160, -1, -1),
(645, 'BuyongweII', 120, -1, -1),
(646, 'Buyongwe', 254, -1, -1),
(647, 'Buyumpu', 348, -1, -1),
(648, 'Buzige', 372, -1, -1),
(649, 'Buziraguhindwa', 264, -1, -1),
(650, 'Bwagiriza', 62, -1, -1),
(651, 'Bwakira', 98, -1, -1),
(652, 'Bwasare', 63, -1, -1),
(653, 'Bwatemba', 7, -1, -1),
(654, 'Bwayi', 44, -1, -1),
(655, 'Bwayi', 345, -1, -1),
(656, 'Bweru', 222, -1, -1),
(657, 'Bwica', 75, -1, -1),
(658, 'Bwinyana', 34, -1, -1),
(659, 'Bwisange', 37, -1, -1),
(660, 'Bwisha', 87, -1, -1),
(661, 'Bwitoyi', 385, -1, -1),
(662, 'BwizabwaNinga', 39, -1, -1),
(663, 'BwizaQ.I', 64, -1, -1),
(664, 'BwizaQ.II', 64, -1, -1),
(665, 'BwizaQ.III', 64, -1, -1),
(666, 'BwizaQ.IV', 64, -1, -1),
(667, 'Bwoga', 125, -1, -1),
(668, 'Bwome', 243, -1, -1),
(669, 'Cabara', 166, -1, -1),
(670, 'Caga', 155, -1, -1),
(671, 'Caga', 213, -1, -1),
(672, 'Caga', 316, -1, -1),
(673, 'Cagakori', 205, -1, -1),
(674, 'Caguka', 135, -1, -1),
(675, 'Camakombe', 374, -1, -1),
(676, 'Camazi', 65, -1, -1),
(677, 'Camizi', 139, -1, -1),
(678, 'Campazi', 264, -1, -1),
(679, 'Camugani', 302, -1, -1),
(680, 'Canamo', 267, -1, -1),
(681, 'Canda', 43, -1, -1),
(682, 'Canda', 330, -1, -1),
(683, 'Canika', 68, -1, -1),
(684, 'Cankuzo', 66, -1, -1),
(685, 'Canzara', 261, -1, -1),
(686, 'Canzikiro', 204, -1, -1),
(687, 'Caragata', 232, -1, -1),
(688, 'Carama', 168, -1, -1),
(689, 'Caranka', 363, -1, -1),
(690, 'Caratsi', 132, -1, -1),
(691, 'Carire', 11, -1, -1),
(692, 'Carubambo', 233, -1, -1),
(693, 'Carwa', 175, -1, -1),
(694, 'Cashi', 189, -1, -1),
(695, 'Cayi', 80, -1, -1),
(696, 'Cendajuru', 67, -1, -1),
(697, 'Cendajuru', 68, -1, -1),
(698, 'Cendajuru', 218, -1, -1),
(699, 'Centre-urbain', 13, -1, -1),
(700, 'CentreUrbain', 41, -1, -1),
(701, 'Centreville', 338, -1, -1),
(702, 'Jenda-Urbain', 131, -1, -1),
(703, 'Ceru', 70, -1, -1),
(704, 'Cewe', 70, -1, -1),
(705, 'Ceyerezi', 199, -1, -1),
(706, 'Cibari', 249, -1, -1),
(707, 'Cibitoke', 72, -1, -1),
(708, 'Cigati', 369, -1, -1),
(709, 'Cihonda', 86, -1, -1),
(710, 'Cihonda', 87, -1, -1),
(711, 'Cikinga', 119, -1, -1),
(712, 'Cimba', 313, -1, -1),
(713, 'Cimbizi', 57, -1, -1),
(714, 'Cirambo', 333, -1, -1),
(715, 'Ciri', 175, -1, -1),
(716, 'Cirisha', 363, -1, -1),
(717, 'Cishwa', 16, -1, -1),
(718, 'Ciya', 256, -1, -1),
(719, 'Ciyando', 183, -1, -1),
(720, 'Coma', 257, -1, -1),
(721, 'Cuba', 17, -1, -1),
(722, 'Cukiro', 150, -1, -1),
(723, 'Cumba', 75, -1, -1),
(724, 'Cumba', 85, -1, -1),
(725, 'Cumba', 127, -1, -1),
(726, 'Cumba', 367, -1, -1),
(727, 'Cumva', 107, -1, -1),
(728, 'Cunamwe', 117, -1, -1),
(729, 'Cunda', 171, -1, -1),
(730, 'Cunyu', 84, -1, -1),
(732, 'Dondi', 271, -1, -1),
(733, 'Donge–Burasira', 257, -1, -1),
(734, 'Donge-Ruzi', 158, -1, -1),
(735, 'Dusasa', 348, -1, -1),
(736, 'Dutwe', 373, -1, -1),
(737, 'Fota', 60, -1, -1),
(738, 'Gabaniro', 123, -1, -1),
(739, 'Gabiro-Ruvyagira', 350, -1, -1),
(740, 'Gacokeve', 78, -1, -1),
(741, 'Gacokwe', 295, -1, -1),
(742, 'Gacu', 261, -1, -1),
(743, 'Gafumbegeti', 47, -1, -1),
(744, 'Gahabura', 77, -1, -1),
(745, 'Gahaga', 30, -1, -1),
(746, 'Gahago', 253, -1, -1),
(747, 'Gahahe', 150, -1, -1),
(748, 'Gahahe', 333, -1, -1),
(749, 'Gahahe', 340, -1, -1),
(750, 'Gahanda', 179, -1, -1),
(751, 'Gahandu', 220, -1, -1),
(752, 'Gaharawe', 97, -1, -1),
(753, 'Gaharo', 240, -1, -1),
(754, 'Gaharo', 332, -1, -1),
(755, 'Gaharo', 365, -1, -1),
(756, 'Gahashi', 333, -1, -1),
(757, 'Gahe', 34, -1, -1),
(758, 'Gahekenya', 183, -1, -1),
(759, 'Gahemba', 343, -1, -1),
(760, 'Gahemba', 373, -1, -1),
(761, 'Gahembe', 258, -1, -1),
(762, 'Gahinda', 255, -1, -1),
(763, 'Gahinga', 116, -1, -1),
(764, 'Gahini', 218, -1, -1),
(765, 'Gahise', 46, -1, -1),
(766, 'Gahoko', 66, -1, -1),
(767, 'Gahoma', 47, -1, -1),
(768, 'Gahombo', 79, -1, -1),
(769, 'Gahondo', 60, -1, -1),
(770, 'Gahongore', 216, -1, -1),
(771, 'Gahororo', 175, -1, -1),
(772, 'Gahororo', 249, -1, -1),
(773, 'Gahosha', 127, -1, -1),
(774, 'Gahwama', 340, -1, -1),
(775, 'GahwaziI', 48, -1, -1),
(776, 'GahwaziII', 48, -1, -1),
(777, 'Gakana', 178, -1, -1),
(778, 'Gakangaga', 295, -1, -1),
(779, 'Nyankere', 274, -1, -1),
(780, 'Gakaranka', 180, -1, -1),
(781, 'Gakenke', 92, -1, -1),
(782, 'Gakere', 80, -1, -1),
(783, 'Gakerekwa', 47, -1, -1),
(784, 'Gakobe', 366, -1, -1),
(785, 'Gakoni', 386, -1, -1),
(786, 'Gakonko', 232, -1, -1),
(787, 'Gakonko', 358, -1, -1),
(788, 'Gakungu', 81, -1, -1),
(790, 'Gakuro', 79, -1, -1),
(791, 'Gakuyo', 242, -1, -1),
(792, 'Gasaba', 136, -1, -1),
(793, 'Gasagara', 260, -1, -1),
(794, 'Gasaka', 112, -1, -1),
(795, 'Gasakuza', 118, -1, -1),
(796, 'Gasanda', 373, -1, -1),
(797, 'Gasange', 123, -1, -1),
(798, 'Gasarara', 308, -1, -1),
(799, 'Gasare', 345, -1, -1),
(800, 'Gasasa', 122, -1, -1),
(801, 'Gasasa', 165, -1, -1),
(802, 'Gasasa', 196, -1, -1),
(803, 'Gasasa', 262, -1, -1),
(804, 'Gasasa', 346, -1, -1),
(805, 'Gasave', 83, -1, -1),
(806, 'Gasave', 167, -1, -1),
(807, 'Gasave', 233, -1, -1),
(808, 'Gasave', 336, -1, -1),
(809, 'Gasebeyi', 43, -1, -1),
(810, 'Gasebeyi', 352, -1, -1),
(811, 'Gasekanya', 307, -1, -1),
(812, 'Gasekanya', 385, -1, -1),
(813, 'Gasekebuye-Gikoto', 266, -1, -1),
(814, 'Gasenga', 5, -1, -1),
(815, 'Gasenga', 238, -1, -1),
(816, 'Gasenyi-Rural', 84, -1, -1),
(817, 'Gasenyi-Centre', 84, -1, -1),
(818, 'Gasenyi', 45, -1, -1),
(820, 'Gasenyi', 90, -1, -1),
(821, 'Gasenyi', 126, -1, -1),
(822, 'Gasenyi', 183, -1, -1),
(823, 'Gasenyi', 195, -1, -1),
(824, 'Gasenyi', 199, -1, -1),
(825, 'Gasenyi', 229, -1, -1),
(826, 'Gasenyi', 253, -1, -1),
(827, 'Gasenyi', 260, -1, -1),
(828, 'Gasenyi', 335, -1, -1),
(829, 'Gasenyi', 340, -1, -1),
(830, 'Gasenyi', 360, -1, -1),
(831, 'Gasenyi', 369, -1, -1),
(832, 'Gaseri', 366, -1, -1),
(833, 'Gashanga', 17, -1, -1),
(834, 'Gashasha', 166, -1, -1),
(835, 'Gashawe', 222, -1, -1),
(836, 'Gasheke', 61, -1, -1),
(837, 'Gashibuka', 240, -1, -1),
(838, 'Gashigwe', 327, -1, -1),
(839, 'Gashikanwa', 86, -1, -1),
(840, 'Gashinge', 181, -1, -1),
(841, 'Gashingwa', 34, -1, -1),
(842, 'Gashingwa', 367, -1, -1),
(843, 'Gashiru', 348, -1, -1),
(844, 'Gashishima', 42, -1, -1),
(845, 'Gashoho', 87, -1, -1),
(846, 'Gashurushuru', 62, -1, -1),
(847, 'Gasivya', 360, -1, -1),
(848, 'Gasongati', 32, -1, -1),
(849, 'Gasozi', 238, -1, -1),
(850, 'Gasuga', 127, -1, -1),
(851, 'Gasunu', 170, -1, -1),
(852, 'Gasunu', 176, -1, -1),
(853, 'Gasura', 389, -1, -1),
(854, 'Gasuru', 174, -1, -1),
(855, 'Gataba', 170, -1, -1),
(856, 'Gatabo', 46, -1, -1),
(857, 'Gatabo', 310, -1, -1),
(858, 'Gatabo-Manyenye', 91, -1, -1),
(859, 'Gatagura', 48, -1, -1),
(860, 'Gataka', 390, -1, -1),
(861, 'Gatanga', 253, -1, -1),
(862, 'Gatanga', 306, -1, -1),
(863, 'Gatare', 34, -1, -1),
(864, 'Gatare', 86, -1, -1),
(865, 'Gatare', 93, -1, -1),
(866, 'Gatare', 114, -1, -1),
(867, 'Gatare', 140, -1, -1),
(868, 'Gatare', 181, -1, -1),
(869, 'Gatare', 231, -1, -1),
(871, 'Gatare-Gasenyi', 243, -1, -1),
(872, 'Gatemere', 263, -1, -1),
(873, 'Gaterama', 11, -1, -1),
(874, 'Gaterama', 118, -1, -1),
(875, 'Gatete', 93, -1, -1),
(876, 'Gatete', 94, -1, -1),
(877, 'Gatika', 355, -1, -1),
(878, 'Gatobo', 358, -1, -1),
(879, 'Gatonga', 287, -1, -1),
(880, 'GatongatiI', 346, -1, -1),
(881, 'GatongatiII', 346, -1, -1),
(882, 'Gatongati', 118, -1, -1),
(883, 'Gatovu', 249, -1, -1),
(884, 'Gatoza', 231, -1, -1),
(885, 'Gatozo', 199, -1, -1),
(886, 'Gatsinga', 60, -1, -1),
(887, 'Gatukuza', 298, -1, -1),
(888, 'Gatunguru', 340, -1, -1),
(889, 'Gatungurwe', 66, -1, -1),
(890, 'Gatura', 216, -1, -1),
(891, 'Gatura', 225, -1, -1),
(892, 'Gaturanda', 162, -1, -1),
(893, 'Gatwaro', 119, -1, -1),
(894, 'Gatwaro', 172, -1, -1),
(895, 'Gatwaro', 175, -1, -1),
(896, 'Gatwaro', 258, -1, -1),
(897, 'Gatwaro', 382, -1, -1),
(898, 'Gatwe', 186, -1, -1),
(899, 'Gatwe', 311, -1, -1),
(900, 'Gatwe', 364, -1, -1),
(901, 'Gatwenzi', 242, -1, -1),
(902, 'Gerangabo', 379, -1, -1),
(903, 'Gerero', 108, -1, -1),
(905, 'Gicaca', 350, -1, -1),
(906, 'Gicumbi', 38, -1, -1),
(907, 'Karago', 215, -1, -1),
(908, 'Gifugwe', 268, -1, -1),
(909, 'Gifunzo', 341, -1, -1),
(910, 'Gifunzo', 366, -1, -1),
(911, 'Gihamagara', 99, -1, -1),
(912, 'Gihanga', 100, -1, -1),
(913, 'Gihanga', 141, -1, -1),
(914, 'Giharo', 101, -1, -1),
(915, 'Gihehe', 133, -1, -1),
(916, 'Giheru', 138, -1, -1),
(917, 'Giheta', 151, -1, -1),
(918, 'Gihinga', 3, -1, -1),
(919, 'Gihinga', 7, -1, -1),
(920, 'Gihinga', 219, -1, -1),
(921, 'Gihinga', 289, -1, -1),
(922, 'Gihofi', 29, -1, -1),
(923, 'Gihogazi', 104, -1, -1),
(924, 'Gihoma', 277, -1, -1),
(925, 'Gihome', 306, -1, -1),
(926, 'Gihondo', 43, -1, -1),
(927, 'Gihororo', 92, -1, -1),
(928, 'Gihororo', 261, -1, -1),
(929, 'Gihororo', 337, -1, -1),
(930, 'Gihosha', 178, -1, -1),
(931, 'Gihoza', 288, -1, -1),
(932, 'Gihuga', 133, -1, -1),
(933, 'Gihungwe', 100, -1, -1),
(934, 'Gihwanya', 357, -1, -1),
(935, 'Gikebuka', 359, -1, -1),
(936, 'Gikingo', 36, -1, -1),
(937, 'Gikingo', 135, -1, -1),
(938, 'Gikingo', 320, -1, -1),
(939, 'Gikizi', 245, -1, -1),
(940, 'Gikombe', 187, -1, -1),
(941, 'Gikombe', 365, -1, -1),
(942, 'Gikomero', 106, -1, -1),
(943, 'Gikomero', 389, -1, -1),
(944, 'Gikonge', 30, -1, -1),
(945, 'Gikonko', 254, -1, -1),
(946, 'Gikuka', 315, -1, -1),
(947, 'Gikungere', 303, -1, -1),
(948, 'Gikurazo', 187, -1, -1),
(949, 'Gikuyo', 107, -1, -1),
(950, 'Gikuzi', 388, -1, -1),
(951, 'Gikwazo', 74, -1, -1),
(952, 'Gikwiye', 89, -1, -1),
(953, 'Gikwiye', 262, -1, -1),
(954, 'Gipfuvya', 78, -1, -1),
(955, 'Gisabazuba', 36, -1, -1),
(956, 'Gisagara', 108, -1, -1),
(957, 'Gisagara', 223, -1, -1),
(958, 'Gisagara', 348, -1, -1),
(959, 'Gisanze', 41, -1, -1),
(960, 'Gisanze-Muzingi', 109, -1, -1),
(961, 'Gisanze-Rugerero', 109, -1, -1),
(962, 'Gisara', 225, -1, -1),
(963, 'Gisarara', 176, -1, -1),
(964, 'Gisarenda', 110, -1, -1),
(965, 'Gisarwe', 147, -1, -1),
(966, 'Gisebeyi', 109, -1, -1),
(967, 'Gisenga', 136, -1, -1),
(968, 'Gisenyi', 25, -1, -1),
(969, 'Gisenyi', 111, -1, -1),
(970, 'Gisenyi', 112, -1, -1),
(971, 'Gisenyi', 197, -1, -1),
(972, 'Gisenyi', 310, -1, -1),
(973, 'Gisenyi', 324, -1, -1),
(974, 'Giserama', 296, -1, -1),
(975, 'Gishambusha', 87, -1, -1),
(976, 'Gishiha', 197, -1, -1),
(977, 'Gishikanwa', 347, -1, -1),
(978, 'Gishingano', 326, -1, -1),
(979, 'Gishubi', 262, -1, -1),
(980, 'Gishubi', 304, -1, -1),
(981, 'Gishubi', 313, -1, -1),
(982, 'Gishubi', 380, -1, -1),
(983, 'Gishuha', 63, -1, -1),
(984, 'Gishuha', 176, -1, -1),
(985, 'Gishunzi', 79, -1, -1),
(986, 'Gisikara', 129, -1, -1),
(987, 'Gisirtye', 159, -1, -1),
(988, 'Gisisye', 207, -1, -1),
(989, 'Gisitwe', 306, -1, -1),
(990, 'Gisoko', 65, -1, -1),
(991, 'Gisoro', 362, -1, -1),
(992, 'Gisoro', 387, -1, -1),
(993, 'Gisovu', 184, -1, -1),
(994, 'Gisozi', 114, -1, -1),
(995, 'Gisuka', 175, -1, -1),
(996, 'Gisuma', 343, -1, -1),
(997, 'Gisura', 385, -1, -1),
(998, 'Gisuru', 102, -1, -1),
(999, 'Gisuru', 116, -1, -1),
(1000, 'Gisyo', 301, -1, -1),
(1001, 'Gisyo', 148, -1, -1),
(1002, 'Gitaba', 5, -1, -1),
(1003, 'Gitaba', 117, -1, -1),
(1004, 'Gitaba', 118, -1, -1),
(1005, 'Gitaba', 151, -1, -1),
(1006, 'Gitaba', 183, -1, -1),
(1007, 'Gitaba', 220, -1, -1),
(1008, 'Gitaba', 294, -1, -1),
(1009, 'Gitaba', 358, -1, -1),
(1010, 'Gitamo', 225, -1, -1),
(1011, 'Gitandu', 333, -1, -1),
(1012, 'Gitanga', 23, -1, -1),
(1013, 'Gitanga', 88, -1, -1),
(1014, 'Gitanga', 95, -1, -1),
(1015, 'Gitanga', 101, -1, -1),
(1016, 'Gitanga', 108, -1, -1),
(1017, 'Gitanga', 119, -1, -1),
(1018, 'Gitanga', 120, -1, -1),
(1019, 'Gitanga', 256, -1, -1),
(1020, 'Gitara', 290, -1, -1),
(1021, 'Gitaramuka', 10, -1, -1),
(1022, 'Gitaramuka', 85, -1, -1),
(1023, 'Gitaramuka', 118, -1, -1),
(1024, 'Gitaramuka', 122, -1, -1),
(1025, 'Gitaramuka', 250, -1, -1),
(1026, 'Gitaramuka', 255, -1, -1),
(1027, 'Gitaramuka', 258, -1, -1),
(1028, 'Gitaramuka', 266, -1, -1),
(1029, 'Gitaramuka', 290, -1, -1),
(1030, 'Gitaramuka', 327, -1, -1),
(1031, 'Gitaramuka', 365, -1, -1),
(1032, 'Gitaro', 175, -1, -1),
(1033, 'Gitaza', 123, -1, -1),
(1034, 'Gitebe', 344, -1, -1),
(1035, 'Gitega', 56, -1, -1),
(1036, 'Gitega', 168, -1, -1),
(1037, 'Gitemezi', 218, -1, -1),
(1038, 'Gitenga', 226, -1, -1),
(1039, 'Gitera', 61, -1, -1),
(1040, 'Giteranyi', 126, -1, -1),
(1041, 'Gitete', 321, -1, -1),
(1042, 'Gitibu', 337, -1, -1),
(1043, 'Gitobo', 245, -1, -1),
(1044, 'Gitohera', 265, -1, -1),
(1045, 'Gitongo', 11, -1, -1),
(1046, 'Gitongo', 273, -1, -1),
(1047, 'Gitongwe', 249, -1, -1),
(1048, 'Gitongwe', 358, -1, -1),
(1049, 'Gitora', 235, -1, -1),
(1050, 'Gitsinda', 284, -1, -1),
(1051, 'Gitukura', 188, -1, -1),
(1052, 'Gitumba', 325, -1, -1),
(1053, 'Gitunda', 242, -1, -1),
(1054, 'Gitunga', 279, -1, -1),
(1055, 'Gitwa', 87, -1, -1),
(1056, 'Gitwa', 224, -1, -1),
(1057, 'Gitwa', 269, -1, -1),
(1058, 'Gitwa', 312, -1, -1),
(1059, 'Gitwaro', 7, -1, -1),
(1060, 'Gitwaro', 189, -1, -1),
(1061, 'Gitwe', 40, -1, -1),
(1062, 'Gitwe', 139, -1, -1),
(1063, 'Gitwe', 164, -1, -1),
(1064, 'Gitwe', 190, -1, -1),
(1065, 'Gitwenge', 108, -1, -1),
(1066, 'Gitwenge', 301, -1, -1),
(1067, 'Gitwenzi', 400, -1, -1),
(1068, 'Gomvyi', 128, -1, -1),
(1069, 'Gozi', 290, -1, -1),
(1070, 'Higiro', 60, -1, -1),
(1071, 'Higiro', 63, -1, -1),
(1072, 'Higiro', 111, -1, -1),
(1073, 'Higiro', 125, -1, -1),
(1074, 'Higiro', 370, -1, -1),
(1075, 'HumureI', 161, -1, -1),
(1076, 'HumureII', 161, -1, -1),
(1077, 'Itaba', 12, -1, -1),
(1078, 'Itaba', 129, -1, -1),
(1079, 'Itaba', 295, -1, -1),
(1080, 'Itahe', 116, -1, -1),
(1081, 'Iteba', 357, -1, -1),
(1082, 'Iteka', 116, -1, -1),
(1083, 'Iteka', 159, -1, -1),
(1084, 'Iyogero', 116, -1, -1),
(1085, 'JabeQ.I', 64, -1, -1),
(1086, 'JabeQ.II', 64, -1, -1),
(1087, 'JabeQ.III', 64, -1, -1),
(1088, 'Janga', 20, -1, -1),
(1089, 'Jangwe', 113, -1, -1),
(1090, 'Jani', 63, -1, -1),
(1091, 'Janja', 198, -1, -1),
(1092, 'Jarama', 130, -1, -1),
(1093, 'Jenda', 11, -1, -1),
(1094, 'Jenda-Rural', 131, -1, -1),
(1095, 'Jenda', 292, -1, -1),
(1096, 'Jene', 132, -1, -1),
(1097, 'Jerama', 61, -1, -1),
(1098, 'Jimbi', 157, -1, -1),
(1099, 'Jimbi', 199, -1, -1),
(1100, 'Jimbi', 252, -1, -1),
(1101, 'Jomati', 366, -1, -1),
(1102, 'Jungwe', 1, -1, -1),
(1103, 'Juragati', 151, -1, -1),
(1104, 'Jurwe', 33, -1, -1),
(1105, 'Kabageni', 67, -1, -1),
(1106, 'Kabago', 171, -1, -1),
(1107, 'Kabamba', 298, -1, -1),
(1108, 'Kabanga', 29, -1, -1),
(1109, 'Kabanga', 134, -1, -1),
(1110, 'Kabanga', 171, -1, -1),
(1111, 'Kabanga', 182, -1, -1),
(1112, 'Kabanga', 263, -1, -1),
(1113, 'Kabanga', 267, -1, -1),
(1114, 'Kabanga', 342, -1, -1),
(1115, 'Kabari', 267, -1, -1),
(1116, 'Kabere', 188, -1, -1),
(1117, 'Kabeza', 66, -1, -1),
(1118, 'Kabezi', 212, -1, -1),
(1119, 'Kabimba', 335, -1, -1),
(1120, 'Kabingo', 54, -1, -1),
(1121, 'Kabingo', 288, -1, -1),
(1122, 'Kabingo', 295, -1, -1),
(1123, 'Kabira', 375, -1, -1),
(1124, 'Kabirizi', 68, -1, -1),
(1125, 'Kabizi', 152, -1, -1),
(1126, 'Kabo', 278, -1, -1),
(1127, 'Kabogi', 60, -1, -1),
(1128, 'Kabogo', 230, -1, -1),
(1130, 'Kabondo', 331, -1, -1),
(1131, 'Kabondo', 338, -1, -1),
(1132, 'Kabonga', 136, -1, -1),
(1133, 'Kabuga', 66, -1, -1),
(1134, 'Kabumba', 372, -1, -1),
(1135, 'Kabumbe', 38, -1, -1),
(1136, 'Kabungo', 301, -1, -1),
(1137, 'Kaburantwa', 84, -1, -1),
(1138, 'Kabuye', 21, -1, -1),
(1139, 'Kabuye', 90, -1, -1),
(1140, 'Kabuye', 139, -1, -1),
(1141, 'Kabuye', 140, -1, -1),
(1142, 'Kabuye-Gitanga', 389, -1, -1),
(1143, 'Kabuyenge', 295, -1, -1),
(1144, 'Kabuye-Shororo', 389, -1, -1),
(1145, 'Kabwayi', 115, -1, -1),
(1146, 'Kabwira', 204, -1, -1),
(1147, 'Kadende', 343, -1, -1),
(1148, 'Kagarama', 267, -1, -1),
(1149, 'Kagari', 87, -1, -1),
(1150, 'Kagazi', 72, -1, -1),
(1151, 'Kagege', 196, -1, -1),
(1152, 'Kagege', 220, -1, -1),
(1153, 'Kagege', 247, -1, -1),
(1154, 'Kagimbu', 24, -1, -1),
(1155, 'Kagimbu', 74, -1, -1),
(1156, 'Kagona', 14, -1, -1),
(1157, 'Kagoma', 22, -1, -1),
(1158, 'Kagoma', 108, -1, -1),
(1159, 'Kagoma', 378, -1, -1),
(1160, 'Kagombe', 288, -1, -1),
(1161, 'Kagongo', 186, -1, -1),
(1162, 'Kagugo', 375, -1, -1),
(1163, 'Kaguhu', 63, -1, -1),
(1164, 'Kaguhu', 133, -1, -1),
(1165, 'Kagunga', 387, -1, -1),
(1166, 'Kagunuzi', 293, -1, -1),
(1167, 'Kaguruka', 106, -1, -1),
(1168, 'Kagurutsi', 341, -1, -1),
(1169, 'Kagurwe', 63, -1, -1),
(1170, 'Kagwema', 100, -1, -1),
(1171, 'Kahirwa', 24, -1, -1),
(1172, 'Kajerama', 24, -1, -1),
(1173, 'Kajeri', 25, -1, -1),
(1174, 'Kajiji', 148, -1, -1),
(1175, 'Kajondi', 141, -1, -1),
(1176, 'Kamenya', 400, -1, -1),
(1177, 'Kamesa', 266, -1, -1),
(1178, 'Kamira', 144, -1, -1),
(1179, 'Kamonyi', 176, -1, -1),
(1180, 'Kampezi', 192, -1, -1),
(1181, 'Kamushiha', 294, -1, -1),
(1182, 'Kanabugiri', 364, -1, -1),
(1183, 'Kananira', 144, -1, -1),
(1184, 'Kanazi', 17, -1, -1),
(1185, 'Kanazi', 271, -1, -1),
(1186, 'Kanenga', 48, -1, -1),
(1187, 'Kanenge', 166, -1, -1),
(1188, 'Kanga', 168, -1, -1),
(1189, 'Kaniha', 236, -1, -1),
(1190, 'Kanisha', 155, -1, -1),
(1191, 'Kanka', 146, -1, -1),
(1192, 'Kansega', 293, -1, -1),
(1193, 'Kanyagu', 400, -1, -1),
(1194, 'Kanyami', 98, -1, -1),
(1195, 'Kanyange', 25, -1, -1),
(1196, 'Kanyankuru', 210, -1, -1),
(1197, 'Kanyenkoko', 357, -1, -1),
(1198, 'Kanyererwe', 101, -1, -1),
(1199, 'Kanyinya', 107, -1, -1),
(1200, 'Kanyinya', 129, -1, -1),
(1201, 'Kanyinya', 133, -1, -1),
(1202, 'Kanyinya', 203, -1, -1),
(1203, 'Kanyinya', 262, -1, -1),
(1204, 'Kanyinya', 276, -1, -1),
(1205, 'Kanyonga', 22, -1, -1),
(1206, 'Kanyundo', 199, -1, -1),
(1207, 'Kanyunya', 356, -1, -1),
(1208, 'Kanzaganya', 370, -1, -1),
(1209, 'Kanzege', 112, -1, -1),
(1211, 'Karagara', 40, -1, -1),
(1212, 'Karama', 63, -1, -1),
(1213, 'Karama', 78, -1, -1),
(1214, 'Karama', 132, -1, -1),
(1215, 'Mukonko', 208, -1, -1),
(1216, 'Karamagi', 107, -1, -1),
(1217, 'Karamba', 369, -1, -1),
(1218, 'Karambi', 9, -1, -1),
(1219, 'Karambi', 92, -1, -1),
(1220, 'Karambi', 284, -1, -1),
(1221, 'Karambira', 349, -1, -1),
(1222, 'Karambo', 27, -1, -1),
(1223, 'Karambo', 89, -1, -1),
(1224, 'Karambo', 263, -1, -1),
(1225, 'Karehe', 140, -1, -1),
(1226, 'Karehe', 288, -1, -1),
(1227, 'Karehe', 378, -1, -1),
(1228, 'Karemba', 129, -1, -1),
(1229, 'Karemera', 249, -1, -1),
(1230, 'Karenda', 227, -1, -1),
(1231, 'Kariba', 146, -1, -1),
(1232, 'Karibu', 366, -1, -1),
(1233, 'Karimbi', 174, -1, -1),
(1234, 'Karindo', 170, -1, -1),
(1235, 'Karindo', 366, -1, -1),
(1236, 'Karinzi', 79, -1, -1),
(1237, 'Karinzi', 150, -1, -1),
(1238, 'Karinzi', 153, -1, -1),
(1239, 'Karinzi', 256, -1, -1),
(1240, 'Karinzi', 366, -1, -1),
(1241, 'Karira', 89, -1, -1),
(1242, 'Karirimvya', 378, -1, -1),
(1243, 'Karoba', 198, -1, -1),
(1244, 'Karonge', 117, -1, -1),
(1245, 'Karonge', 214, -1, -1),
(1246, 'Karonge', 388, -1, -1),
(1247, 'Karugamba', 190, -1, -1),
(1248, 'Karugunda', 126, -1, -1),
(1249, 'Karunga', 4, -1, -1),
(1250, 'Karunyinya', 23, -1, -1),
(1251, 'Karunyinya', 264, -1, -1),
(1252, 'Karuri', 25, -1, -1),
(1253, 'Karurusi', 210, -1, -1),
(1254, 'Karwa', 1, -1, -1),
(1255, 'Karwa', 122, -1, -1),
(1256, 'Kaserege', 376, -1, -1),
(1257, 'Kavoga', 376, -1, -1),
(1258, 'Kavogero', 177, -1, -1),
(1259, 'Kavomo', 178, -1, -1),
(1260, 'Kavugangoma', 343, -1, -1),
(1261, 'Kavumu', 34, -1, -1),
(1262, 'Kavumu', 215, -1, -1),
(1263, 'Kavumu', 261, -1, -1),
(1264, 'Kavumu', 277, -1, -1),
(1265, 'Kavumu', 282, -1, -1),
(1266, 'Kavumu', 346, -1, -1),
(1267, 'Kavumu', 355, -1, -1),
(1268, 'Kavumwe', 295, -1, -1),
(1269, 'Kavuvuma', 336, -1, -1),
(1270, 'Kavya', 15, -1, -1),
(1271, 'Kayange', 271, -1, -1),
(1272, 'Kayange', 286, -1, -1),
(1273, 'Kayenzi', 281, -1, -1),
(1274, 'Kayoba', 194, -1, -1),
(1275, 'Kayogoro', 313, -1, -1),
(1276, 'Kayombe', 14, -1, -1),
(1277, 'Kayove', 151, -1, -1),
(1278, 'kayove', 205, -1, -1),
(1279, 'Kayoyo', 239, -1, -1),
(1280, 'Kazeba', 119, -1, -1),
(1281, 'Kazigo', 189, -1, -1),
(1282, 'Kazimya', 9, -1, -1),
(1283, 'Kazirabageni', 156, -1, -1),
(1284, 'Kejari', 231, -1, -1),
(1285, 'Kibagara', 149, -1, -1),
(1286, 'Kibago', 157, -1, -1),
(1287, 'Kibakwe', 376, -1, -1),
(1288, 'Kibanda', 219, -1, -1),
(1289, 'Kibande', 67, -1, -1),
(1290, 'Kibande', 80, -1, -1),
(1291, 'Kibande', 142, -1, -1),
(1292, 'Kibande', 176, -1, -1),
(1293, 'Kibande', 188, -1, -1),
(1294, 'Kibande', 288, -1, -1),
(1295, 'Kibande', 320, -1, -1),
(1296, 'Kibara', 5, -1, -1),
(1297, 'Kibari', 170, -1, -1),
(1298, 'Kibaribari', 210, -1, -1),
(1299, 'Kibasi', 11, -1, -1),
(1300, 'Kibati', 206, -1, -1),
(1301, 'Kibati', 348, -1, -1),
(1302, 'Kibavu', 345, -1, -1),
(1303, 'KibayaI(Ndora)', 296, -1, -1),
(1304, 'KibayaII', 77, -1, -1),
(1305, 'Kibaya', 149, -1, -1),
(1306, 'Kibayi', 210, -1, -1),
(1307, 'Kibazi', 167, -1, -1),
(1308, 'Kibenga', 122, -1, -1),
(1309, 'Kibenga', 169, -1, -1),
(1310, 'Kibenga', 210, -1, -1),
(1311, 'Kibenga', 286, -1, -1),
(1312, 'Kibenga-Migende', 279, -1, -1),
(1313, 'Kibenga-Murehe', 279, -1, -1),
(1314, 'Kibere', 145, -1, -1),
(1315, 'Kibezi', 80, -1, -1),
(1316, 'Kibezi', 104, -1, -1),
(1317, 'Kibezi', 158, -1, -1),
(1318, 'Kibimba', 26, -1, -1),
(1319, 'Kibimba', 54, -1, -1),
(1320, 'Kibimba', 114, -1, -1),
(1321, 'Kibimba', 133, -1, -1),
(1322, 'Kibimba', 152, -1, -1),
(1323, 'Kibimba', 187, -1, -1),
(1324, 'Kibimba', 236, -1, -1),
(1325, 'Kibimba', 240, -1, -1),
(1326, 'Kibimba', 359, -1, -1),
(1327, 'Kibingo', 123, -1, -1),
(1328, 'Kibingo', 261, -1, -1),
(1329, 'Kibira', 147, -1, -1),
(1330, 'Kibiri', 252, -1, -1),
(1331, 'Kibogoye', 99, -1, -1),
(1332, 'Kibogoye', 102, -1, -1),
(1333, 'Kibogoye', 108, -1, -1),
(1334, 'Kibogoye', 154, -1, -1),
(1335, 'Kibogoye', 250, -1, -1),
(1336, 'Kibogoye', 281, -1, -1),
(1337, 'Kibonde', 111, -1, -1),
(1338, 'Kibongera', 183, -1, -1),
(1339, 'Kibongera', 281, -1, -1),
(1340, 'Kibonobono', 19, -1, -1),
(1341, 'Kibuba', 132, -1, -1),
(1342, 'Kibumbu', 20, -1, -1),
(1343, 'Kibumbwe', 307, -1, -1),
(1344, 'Kibungere', 159, -1, -1),
(1345, 'Kibungo', 16, -1, -1),
(1347, 'Kibungo', 250, -1, -1),
(1348, 'Kibuye', 18, -1, -1),
(1349, 'Kibuye', 32, -1, -1),
(1350, 'Kibuye', 160, -1, -1),
(1351, 'Kibuye', 349, -1, -1),
(1352, 'Kibwirwa', 288, -1, -1),
(1353, 'Kidahwe', 347, -1, -1),
(1354, 'Kidasha', 18, -1, -1),
(1355, 'Kidasha', 375, -1, -1),
(1356, 'Kidasha', 379, -1, -1),
(1357, 'Kiderege', 156, -1, -1),
(1358, 'Kididiri', 213, -1, -1),
(1359, 'Kididiri', 263, -1, -1),
(1360, 'Kidunduri', 135, -1, -1),
(1361, 'Kiga', 195, -1, -1),
(1362, 'Kigabiro', 90, -1, -1),
(1363, 'Kigabiro', 384, -1, -1),
(1364, 'Kigaga', 306, -1, -1),
(1365, 'Kigajo', 183, -1, -1),
(1366, 'Kigamba', 161, -1, -1),
(1367, 'Kigamba', 316, -1, -1),
(1368, 'Kigamba', 373, -1, -1),
(1369, 'Kigambwe', 153, -1, -1),
(1370, 'Kiganda', 10, -1, -1),
(1371, 'Kigangabuko', 134, -1, -1),
(1372, 'Kigara', 335, -1, -1),
(1373, 'Kigarama', 60, -1, -1),
(1374, 'Kigarama', 309, -1, -1),
(1375, 'Kigarika', 67, -1, -1),
(1376, 'Kigati', 108, -1, -1),
(1377, 'Kigaza', 76, -1, -1),
(1378, 'Kigereka', 30, -1, -1),
(1380, 'Kigeri', 132, -1, -1),
(1381, 'Kigina–Mugomera', 390, -1, -1),
(1382, 'Kigina', 162, -1, -1),
(1383, 'Kigina', 163, -1, -1),
(1384, 'Kigina', 211, -1, -1),
(1385, 'Kigina', 400, -1, -1),
(1386, 'Kigo', 334, -1, -1),
(1387, 'Kigobe', 68, -1, -1),
(1388, 'Kigoganya', 174, -1, -1),
(1389, 'Kigoma', 25, -1, -1),
(1390, 'Kigoma', 93, -1, -1),
(1391, 'Kigoma', 164, -1, -1),
(1392, 'Kigomagoma', 234, -1, -1),
(1393, 'Kigombe', 388, -1, -1),
(1394, 'Kigomera', 315, -1, -1),
(1395, 'Kigomero', 385, -1, -1),
(1396, 'Kigozi', 6, -1, -1),
(1397, 'Kigozi', 122, -1, -1),
(1398, 'Kigufi', 17, -1, -1),
(1399, 'Kigufi', 213, -1, -1),
(1400, 'Kigufi', 315, -1, -1),
(1401, 'Kiguhu', 165, -1, -1),
(1402, 'Kigume', 301, -1, -1),
(1403, 'Kigunda', 101, -1, -1),
(1404, 'Kigunga', 203, -1, -1),
(1405, 'Kiguruka', 106, -1, -1),
(1406, 'Kigusu', 66, -1, -1),
(1407, 'Kigutu', 115, -1, -1),
(1408, 'Kigwandi', 303, -1, -1),
(1409, 'KigwatiI', 354, -1, -1),
(1410, 'KigwatiII', 354, -1, -1),
(1411, 'Kigwati', 322, -1, -1),
(1412, 'Kijima', 285, -1, -1),
(1413, 'Kijumbura', 205, -1, -1),
(1414, 'Kijuri', 37, -1, -1),
(1415, 'Kimagara', 355, -1, -1),
(1416, 'Kimanama', 227, -1, -1),
(1417, 'Kimanga', 174, -1, -1),
(1418, 'Kimeza', 167, -1, -1),
(1419, 'Kimina', 226, -1, -1),
(1420, 'Kinama', 89, -1, -1),
(1421, 'Kinama', 116, -1, -1),
(1422, 'Kizunga', 208, -1, -1),
(1423, 'Kinama', 229, -1, -1),
(1425, 'KinaniraI', 266, -1, -1),
(1426, 'KinaniraII', 266, -1, -1),
(1427, 'KinaniraIII', 266, -1, -1),
(1428, 'Kinanira', 116, -1, -1),
(1429, 'Kinanira', 386, -1, -1),
(1430, 'Kinazi', 346, -1, -1),
(1431, 'Kinga', 150, -1, -1),
(1432, 'Kinganda', 118, -1, -1),
(1433, 'Kinindo', 169, -1, -1),
(1434, 'Kinoso', 138, -1, -1),
(1435, 'Kinwa', 179, -1, -1),
(1436, 'Kinyami', 87, -1, -1),
(1437, 'Mwumba', 208, -1, -1),
(1438, 'Kinyami', 218, -1, -1),
(1439, 'Kinyami', 386, -1, -1),
(1440, 'Kinyamukizi', 137, -1, -1),
(1441, 'Kinyangurube', 178, -1, -1),
(1442, 'KinyinyaIGatumba', 97, -1, -1),
(1443, 'KinyinyaIRukaramu', 354, -1, -1),
(1444, 'KinyinyaIIGatumba', 97, -1, -1),
(1445, 'KinyinyaIIRukaramu', 354, -1, -1),
(1446, 'KinyinyaIIIRukaramu', 354, -1, -1),
(1447, 'Kinyinya', 88, -1, -1),
(1448, 'Kinyinya', 170, -1, -1),
(1449, 'Kinyinya', 379, -1, -1),
(1450, 'Kinyonga', 79, -1, -1),
(1451, 'Kinyonza', 260, -1, -1),
(1452, 'Kinyonzo', 149, -1, -1),
(1453, 'Kinyonzo', 285, -1, -1),
(1454, 'Kinyota', 281, -1, -1),
(1455, 'Kinyota', 333, -1, -1),
(1456, 'Kinyovu', 139, -1, -1),
(1457, 'Kinyovu', 233, -1, -1),
(1458, 'Kinyovu', 359, -1, -1),
(1459, 'Masara', 370, -1, -1),
(1460, 'Kinzanza', 171, -1, -1),
(1461, 'Kinzobe', 137, -1, -1),
(1462, 'Kirama', 194, -1, -1),
(1463, 'Kirama', 229, -1, -1),
(1464, 'Kiramahira', 106, -1, -1),
(1465, 'Kirambi', 99, -1, -1),
(1466, 'Kirambi', 108, -1, -1),
(1467, 'Kirambi', 159, -1, -1),
(1468, 'Kirambi', 172, -1, -1),
(1469, 'Kirambi', 195, -1, -1),
(1470, 'Kirambi', 262, -1, -1),
(1471, 'Kirambi', 362, -1, -1),
(1473, 'Kiramira', 173, -1, -1),
(1474, 'Kiranda', 17, -1, -1),
(1475, 'Kirangara', 351, -1, -1),
(1476, 'Kirare', 330, -1, -1),
(1477, 'Kiraro', 34, -1, -1),
(1478, 'Kirasira', 53, -1, -1),
(1479, 'Kiravumba', 247, -1, -1),
(1480, 'Kirehe', 135, -1, -1),
(1481, 'Kireka', 116, -1, -1),
(1482, 'KirekuraTR12', 200, -1, -1),
(1483, 'KirekuraTR13', 200, -1, -1),
(1484, 'KirekuraTR14', 200, -1, -1),
(1485, 'KirekuraTR15', 200, -1, -1),
(1486, 'Kirema', 150, -1, -1),
(1487, 'Kiremba-Rural', 283, -1, -1),
(1488, 'Kiremba-Ville', 283, -1, -1),
(1489, 'Kiremba', 119, -1, -1),
(1490, 'Kiremba', 174, -1, -1),
(1491, 'Kiremba', 175, -1, -1),
(1493, 'Kirembera', 211, -1, -1),
(1494, 'Kiremera', 80, -1, -1),
(1495, 'Kiremera', 102, -1, -1),
(1496, 'Kirengane', 286, -1, -1),
(1497, 'Kiri', 185, -1, -1),
(1498, 'Kiriba', 176, -1, -1),
(1499, 'Kirika', 20, -1, -1),
(1500, 'Kirika', 339, -1, -1),
(1501, 'Kirima', 34, -1, -1),
(1502, 'Kirimba', 218, -1, -1),
(1503, 'Kiringanire', 75, -1, -1),
(1504, 'Kirinzi', 344, -1, -1),
(1505, 'Kirinzi', 390, -1, -1),
(1506, 'Kiriri-Vugizo', 338, -1, -1),
(1507, 'Kirombwe', 242, -1, -1),
(1508, 'Kirombwe', 282, -1, -1),
(1509, 'Kiruhura', 67, -1, -1),
(1510, 'Kiruhura', 385, -1, -1),
(1511, 'Kirungu', 115, -1, -1),
(1512, 'Kirungu', 317, -1, -1),
(1513, 'Kiryama', 89, -1, -1),
(1514, 'Kiryama', 179, -1, -1),
(1515, 'Kiryama', 281, -1, -1),
(1516, 'Kiryama', 309, -1, -1),
(1517, 'Kiryama', 310, -1, -1),
(1518, 'Kivo', 93, -1, -1),
(1519, 'Kivoga', 79, -1, -1),
(1520, 'Kivoga', 118, -1, -1),
(1521, 'Kivoga', 249, -1, -1),
(1522, 'Kivoga', 251, -1, -1),
(1523, 'Kivoga', 267, -1, -1),
(1524, 'Kivoga', 339, -1, -1),
(1525, 'Kivoga', 351, -1, -1),
(1526, 'Kivoga', 379, -1, -1),
(1527, 'Kivogero', 30, -1, -1),
(1528, 'Kivoma', 324, -1, -1),
(1529, 'Kivomwa', 277, -1, -1),
(1530, 'Kivubo', 74, -1, -1),
(1531, 'Kivubo', 174, -1, -1),
(1532, 'Kivumu', 3, -1, -1),
(1533, 'Kivumu', 86, -1, -1),
(1534, 'Kivumu', 161, -1, -1),
(1535, 'Kivumu', 180, -1, -1),
(1536, 'Kivumu', 232, -1, -1),
(1537, 'Kivumu', 345, -1, -1),
(1538, 'Kivumvu', 24, -1, -1),
(1539, 'Kivuruga', 92, -1, -1),
(1540, 'Kivuvu', 135, -1, -1),
(1541, 'Kivuvu', 275, -1, -1),
(1542, 'Kivuvuma', 336, -1, -1),
(1544, 'Kivuzo', 225, -1, -1),
(1545, 'Kivuzo', 250, -1, -1),
(1546, 'Kivuzo', 311, -1, -1),
(1547, 'Kivyiru', 256, -1, -1),
(1548, 'Kiyabu', 262, -1, -1),
(1549, 'Kiyange', 67, -1, -1),
(1550, 'Kiyange', 80, -1, -1),
(1551, 'Kiyange', 182, -1, -1),
(1552, 'Kiyange', 198, -1, -1),
(1553, 'Kiyange', 234, -1, -1),
(1554, 'Kiyange', 323, -1, -1),
(1555, 'Kiyange', 333, -1, -1),
(1556, 'Kiyange', 334, -1, -1),
(1557, 'Kiyanza', 178, -1, -1),
(1558, 'Kiyanza', 183, -1, -1),
(1559, 'Kiyazi', 113, -1, -1),
(1560, 'Kiyege', 359, -1, -1),
(1561, 'Kiyonza', 185, -1, -1),
(1562, 'Kizi', 174, -1, -1),
(1563, 'Kizi', 195, -1, -1),
(1564, 'Kiziba', 68, -1, -1),
(1565, 'Kiziba', 181, -1, -1),
(1566, 'Kiziba', 223, -1, -1),
(1567, 'Kizigama', 351, -1, -1),
(1568, 'Kiziguro', 332, -1, -1),
(1569, 'Kizina', 100, -1, -1),
(1570, 'Kizingoma', 104, -1, -1),
(1571, 'Kizingoma', 138, -1, -1),
(1572, 'Kizingwe-Bihara', 148, -1, -1),
(1573, 'Kizuka', 186, -1, -1),
(1574, 'Karama', 163, -1, -1),
(1575, 'Kizuga', 370, -1, -1),
(1576, 'Kobero', 319, -1, -1),
(1577, 'Korane', 102, -1, -1),
(1578, 'Kugitega', 99, -1, -1),
(1579, 'Kumana', 321, -1, -1),
(1580, 'Kwibuye', 281, -1, -1),
(1581, 'Kwigere', 4, -1, -1),
(1582, 'MabandaRuraletUrbain', 187, -1, -1),
(1583, 'Mabanza', 276, -1, -1),
(1584, 'Mabaya', 10, -1, -1),
(1585, 'Macu', 129, -1, -1),
(1586, 'Mafu', 269, -1, -1),
(1587, 'Mafuro', 86, -1, -1),
(1588, 'Magamba', 23, -1, -1),
(1589, 'Magamba', 250, -1, -1),
(1590, 'Magamba', 261, -1, -1),
(1591, 'Magana', 197, -1, -1),
(1592, 'Magana', 218, -1, -1),
(1593, 'Maganahe', 219, -1, -1),
(1594, 'MagaraI', 189, -1, -1),
(1595, 'MagaraII', 189, -1, -1),
(1596, 'Magarama', 124, -1, -1),
(1597, 'Magarure', 203, -1, -1),
(1598, 'Magembe', 80, -1, -1),
(1599, 'Mageni', 281, -1, -1),
(1600, 'Mageyo', 47, -1, -1),
(1601, 'Mageyo', 190, -1, -1),
(1602, 'Mago', 98, -1, -1),
(1603, 'Mago', 317, -1, -1),
(1604, 'Mahande', 299, -1, -1),
(1605, 'Mahango', 110, -1, -1),
(1606, 'Mahembe', 117, -1, -1),
(1607, 'Mahonda', 41, -1, -1),
(1608, 'Mahonda', 125, -1, -1),
(1609, 'Mahonda', 149, -1, -1),
(1610, 'Mahonda', 191, -1, -1),
(1611, 'Mahonda', 346, -1, -1),
(1612, 'Mahonda', 359, -1, -1),
(1613, 'Mahwa', 192, -1, -1),
(1614, 'MakambaI', 194, -1, -1),
(1615, 'MakambaII', 194, -1, -1),
(1616, 'Makamba', 195, -1, -1),
(1617, 'Makebuko', 196, -1, -1),
(1618, 'Makombe', 218, -1, -1),
(1619, 'Makombe', 233, -1, -1),
(1620, 'Manege', 265, -1, -1),
(1621, 'Manga', 132, -1, -1),
(1622, 'Mangoma', 230, -1, -1),
(1623, 'Manini', 376, -1, -1),
(1624, 'Mara', 187, -1, -1),
(1625, 'MaramvyaI,TR15', 200, -1, -1),
(1626, 'MaramvyaII,TR14', 200, -1, -1),
(1627, 'MaramvyaIII,TR13', 200, -1, -1),
(1628, 'MaramvyaIV,TR12', 200, -1, -1),
(1629, 'Maramvya', 118, -1, -1),
(1630, 'Maramvya', 122, -1, -1),
(1631, 'Maramvya', 171, -1, -1),
(1632, 'Maramvya', 197, -1, -1),
(1633, 'Maramvya', 289, -1, -1),
(1634, 'Maramvya', 351, -1, -1),
(1635, 'Maranga', 61, -1, -1),
(1636, 'Marembo', 3, -1, -1),
(1637, 'Marembo', 111, -1, -1),
(1638, 'Mariza', 233, -1, -1),
(1639, 'Martyazo', 34, -1, -1),
(1640, 'Martyazo', 113, -1, -1),
(1641, 'Martyazo', 159, -1, -1),
(1642, 'Martyazo', 174, -1, -1),
(1643, 'Martyazo', 359, -1, -1),
(1644, 'Marumpu', 44, -1, -1),
(1645, 'Maruri', 86, -1, -1),
(1646, 'Maruri', 137, -1, -1),
(1647, 'Masaka', 205, -1, -1),
(1648, 'MasamaI', 319, -1, -1),
(1649, 'Masama', 20, -1, -1),
(1650, 'Masama', 212, -1, -1),
(1651, 'Masama', 222, -1, -1),
(1652, 'Masama-Buhiga', 302, -1, -1),
(1653, 'Masama-Mubogora', 225, -1, -1),
(1654, 'Masama-Muhanga', 240, -1, -1),
(1655, 'Masango', 146, -1, -1),
(1656, 'Masango', 206, -1, -1),
(1657, 'Masango', 259, -1, -1),
(1658, 'Masango', 273, -1, -1),
(1659, 'Masanze', 199, -1, -1),
(1660, 'Kinyovu', 123, -1, -1),
(1661, 'Masare', 33, -1, -1),
(1662, 'Masare', 280, -1, -1),
(1663, 'Masasu', 89, -1, -1),
(1664, 'Masasu', 175, -1, -1),
(1665, 'Masasu', 176, -1, -1),
(1666, 'Masazi', 12, -1, -1),
(1667, 'Burima I', 128, -1, -1),
(1668, 'Masha', 48, -1, -1),
(1669, 'Masha', 265, -1, -1),
(1670, 'Mashiga', 120, -1, -1),
(1671, 'Mashitsi', 320, -1, -1),
(1672, 'Mashunzi', 339, -1, -1),
(1673, 'Masoro', 267, -1, -1),
(1674, 'Mataka', 107, -1, -1),
(1675, 'Matana', 207, -1, -1),
(1676, 'Matara', 208, -1, -1),
(1677, 'Matongo', 2, -1, -1),
(1678, 'Matongo', 294, -1, -1),
(1679, 'Mayange', 5, -1, -1),
(1680, 'Mayanza', 170, -1, -1),
(1681, 'Mugendo', 163, -1, -1),
(1682, 'Mayengo', 166, -1, -1),
(1684, 'Mayenzi', 369, -1, -1),
(1685, 'Mayuki', 28, -1, -1),
(1686, 'Mayuyu', 209, -1, -1),
(1687, 'Maza', 191, -1, -1),
(1688, 'Mazuru', 220, -1, -1),
(1689, 'Mbare', 308, -1, -1),
(1690, 'Mbasi', 385, -1, -1),
(1691, 'Mbasi', 389, -1, -1),
(1692, 'Mbirizi', 210, -1, -1),
(1693, 'Mbizi', 157, -1, -1),
(1694, 'Mbizi', 388, -1, -1),
(1695, 'Mbogwe', 199, -1, -1),
(1696, 'Mboza', 372, -1, -1),
(1697, 'Mburi', 65, -1, -1),
(1698, 'Mbuye', 165, -1, -1),
(1700, 'Mibanda', 186, -1, -1),
(1701, 'Mibanga', 155, -1, -1);
INSERT INTO `collines` (`COLLINE_ID`, `COLLINE_NAME`, `ZONE_ID`, `LATITUDE`, `LONGITUDE`) VALUES
(1702, 'Mibazi', 199, -1, -1),
(1703, 'Migano', 32, -1, -1),
(1704, 'Migege', 137, -1, -1),
(1705, 'Migege', 362, -1, -1),
(1706, 'Migende', 301, -1, -1),
(1707, 'Migende', 316, -1, -1),
(1708, 'Migera', 212, -1, -1),
(1709, 'Migera', 277, -1, -1),
(1710, 'Migera', 378, -1, -1),
(1711, 'Migezi', 211, -1, -1),
(1712, 'Migongo', 18, -1, -1),
(1713, 'Migongo', 182, -1, -1),
(1714, 'Migunga', 89, -1, -1),
(1715, 'Mihama', 12, -1, -1),
(1717, 'Mihama', 218, -1, -1),
(1718, 'Mihigo', 150, -1, -1),
(1719, 'Mihigo', 213, -1, -1),
(1720, 'Mihigo', 306, -1, -1),
(1721, 'Mihigo', 386, -1, -1),
(1723, 'Mihongo', 330, -1, -1),
(1724, 'Mika', 230, -1, -1),
(1725, 'Mikamba', 37, -1, -1),
(1726, 'Mikoni', 77, -1, -1),
(1727, 'Mikoni', 79, -1, -1),
(1728, 'Mikore', 231, -1, -1),
(1729, 'Mikuba', 304, -1, -1),
(1730, 'Minago', 214, -1, -1),
(1731, 'Minyago', 27, -1, -1),
(1732, 'Mirama', 227, -1, -1),
(1733, 'Mirama', 235, -1, -1),
(1734, 'Mirama', 282, -1, -1),
(1735, 'Mirambagizo', 84, -1, -1),
(1736, 'Mirango', 115, -1, -1),
(1737, 'Mirango', 269, -1, -1),
(1738, 'Mirango', 377, -1, -1),
(1739, 'Mirehe', 219, -1, -1),
(1740, 'Miremera', 352, -1, -1),
(1741, 'Mirombero', 265, -1, -1),
(1742, 'Mirwa', 3, -1, -1),
(1743, 'Mirwa', 36, -1, -1),
(1744, 'Mishiha', 254, -1, -1),
(1745, 'Misugi', 387, -1, -1),
(1746, 'Mitakataka', 216, -1, -1),
(1747, 'Miterama', 311, -1, -1),
(1748, 'Mitimire', 133, -1, -1),
(1749, 'Mivo', 153, -1, -1),
(1750, 'Mizuga', 75, -1, -1),
(1751, 'Mpame', 12, -1, -1),
(1752, 'Mpanda=V5', 39, -1, -1),
(1753, 'Mpanga', 137, -1, -1),
(1754, 'Mpanuka', 294, -1, -1),
(1755, 'MparamboI', 350, -1, -1),
(1756, 'MparamboII', 350, -1, -1),
(1757, 'Mparamirundi', 218, -1, -1),
(1758, 'Mpemba', 2, -1, -1),
(1759, 'Mpfunda', 46, -1, -1),
(1760, 'Mpfunda', 376, -1, -1),
(1761, 'Mpinga', 117, -1, -1),
(1762, 'Mpinga', 219, -1, -1),
(1763, 'Mpingwe', 32, -1, -1),
(1764, 'Mpishi', 271, -1, -1),
(1765, 'Mpondogoto', 355, -1, -1),
(1766, 'Mpota', 158, -1, -1),
(1767, 'Mpumbu', 359, -1, -1),
(1768, 'Mpungwe', 232, -1, -1),
(1769, 'Mubanga', 123, -1, -1),
(1770, 'Mubavu', 222, -1, -1),
(1771, 'Mubaya', 347, -1, -1),
(1772, 'Mubimbi', 223, -1, -1),
(1773, 'Mubira', 224, -1, -1),
(1774, 'Mubira', 318, -1, -1),
(1775, 'Mubira', 353, -1, -1),
(1776, 'Mubondo', 153, -1, -1),
(1777, 'Mubone', 123, -1, -1),
(1778, 'Mubone', 226, -1, -1),
(1779, 'Mubuga', 7, -1, -1),
(1780, 'Mubuga', 20, -1, -1),
(1781, 'Mubuga', 82, -1, -1),
(1782, 'Mubuga', 133, -1, -1),
(1783, 'Mubuga', 227, -1, -1),
(1784, 'Mubuga', 311, -1, -1),
(1785, 'Muciro', 376, -1, -1),
(1786, 'Mudahandwa', 41, -1, -1),
(1787, 'Mudaturwa', 5, -1, -1),
(1788, 'Mudende', 229, -1, -1),
(1789, 'Mudusi', 210, -1, -1),
(1790, 'Mufigi', 267, -1, -1),
(1791, 'Mufumya', 46, -1, -1),
(1792, 'Mugano', 191, -1, -1),
(1793, 'Mugano', 207, -1, -1),
(1794, 'Mugano', 230, -1, -1),
(1795, 'Mugano', 250, -1, -1),
(1796, 'Muganza', 108, -1, -1),
(1797, 'Muganza', 219, -1, -1),
(1798, 'Muganza', 345, -1, -1),
(1799, 'Muganza', 376, -1, -1),
(1800, 'Mugara', 94, -1, -1),
(1801, 'Mugaruro', 231, -1, -1),
(1802, 'Mugege', 232, -1, -1),
(1803, 'Mugenda', 66, -1, -1),
(1804, 'Mugende', 307, -1, -1),
(1805, 'Mugendo-Ndengo', 318, -1, -1),
(1806, 'Mugendo', 189, -1, -1),
(1808, 'Mugendo-Ruko', 318, -1, -1),
(1809, 'Mugeni', 234, -1, -1),
(1810, 'Mugera', 135, -1, -1),
(1811, 'Mugera', 236, -1, -1),
(1812, 'Mugerama', 331, -1, -1),
(1813, 'Mugeregere', 5, -1, -1),
(1814, 'Mugerera', 175, -1, -1),
(1815, 'Mugero', 323, -1, -1),
(1816, 'Mugero', 360, -1, -1),
(1817, 'Mugimbu', 256, -1, -1),
(1818, 'Mugimbu', 299, -1, -1),
(1819, 'Mugina', 44, -1, -1),
(1820, 'Mugirampeke', 269, -1, -1),
(1821, 'Mugitega', 16, -1, -1),
(1822, 'Mugobe', 247, -1, -1),
(1823, 'Mugoboka', 204, -1, -1),
(1824, 'Mugoboka', 252, -1, -1),
(1825, 'Mugogo', 104, -1, -1),
(1826, 'Mugogo', 224, -1, -1),
(1827, 'Mugoma', 280, -1, -1),
(1828, 'Mugombarima', 271, -1, -1),
(1829, 'Mugombwa', 81, -1, -1),
(1830, 'Mugomera', 99, -1, -1),
(1831, 'Mugomere', 357, -1, -1),
(1832, 'Mugondo', 238, -1, -1),
(1833, 'Mugongo', 67, -1, -1),
(1834, 'Mugongo', 135, -1, -1),
(1835, 'Mugongo', 167, -1, -1),
(1836, 'Mugongo', 239, -1, -1),
(1837, 'Mugoyi', 131, -1, -1),
(1838, 'Mugoyi', 132, -1, -1),
(1839, 'Mugozi', 41, -1, -1),
(1840, 'Mugozi', 66, -1, -1),
(1841, 'Mugozi', 313, -1, -1),
(1842, 'Mugu', 388, -1, -1),
(1843, 'Mugumure', 278, -1, -1),
(1844, 'Muguruka', 5, -1, -1),
(1845, 'Mugutu', 117, -1, -1),
(1846, 'Mugutu', 125, -1, -1),
(1847, 'Muhaganya', 277, -1, -1),
(1848, 'Muhagaze', 231, -1, -1),
(1849, 'Muhanda', 40, -1, -1),
(1850, 'Muhanga', 240, -1, -1),
(1851, 'Muhanza', 57, -1, -1),
(1852, 'Muheka', 241, -1, -1),
(1853, 'Muhene', 232, -1, -1),
(1854, 'Muhenga', 57, -1, -1),
(1855, 'Muhigo', 310, -1, -1),
(1856, 'Muhindo', 116, -1, -1),
(1857, 'Muhingira', 92, -1, -1),
(1858, 'Muhororo', 33, -1, -1),
(1859, 'Muhororo', 190, -1, -1),
(1860, 'Muhororo', 260, -1, -1),
(1861, 'Muhororo', 334, -1, -1),
(1862, 'Mihororo', 368, -1, -1),
(1863, 'Muhungu', 47, -1, -1),
(1864, 'Muhuta', 242, -1, -1),
(1865, 'Muhuzu', 214, -1, -1),
(1866, 'Muhuzu', 313, -1, -1),
(1867, 'Muhweza', 25, -1, -1),
(1868, 'Muhweza', 66, -1, -1),
(1869, 'Muhweza', 245, -1, -1),
(1870, 'Muhweza', 312, -1, -1),
(1871, 'Muhweza', 380, -1, -1),
(1872, 'Mujejuru', 231, -1, -1),
(1873, 'Mujenjwa', 365, -1, -1),
(1874, 'Mujigo', 276, -1, -1),
(1875, 'Mukaka', 28, -1, -1),
(1876, 'Mukanda', 227, -1, -1),
(1877, 'MukenkeRural', 246, -1, -1),
(1878, 'MukenkeUrbain', 246, -1, -1),
(1879, 'Mukerezi', 136, -1, -1),
(1880, 'Mukerwa', 247, -1, -1),
(1881, 'Mukimba', 248, -1, -1),
(1882, 'Mukingo', 5, -1, -1),
(1883, 'Mukoma', 188, -1, -1),
(1884, 'Mukoni', 230, -1, -1),
(1885, 'Mukoni', 281, -1, -1),
(1886, 'Musenyi', 314, -1, -1),
(1887, 'Mukubano', 278, -1, -1),
(1888, 'Mukungu', 183, -1, -1),
(1889, 'Mukungu', 248, -1, -1),
(1890, 'Mukunguza', 343, -1, -1),
(1891, 'Munagano', 80, -1, -1),
(1892, 'Munagano', 249, -1, -1),
(1893, 'MunaniraI', 367, -1, -1),
(1894, 'MunaniraII', 367, -1, -1),
(1895, 'Munanira', 181, -1, -1),
(1896, 'Munanira', 251, -1, -1),
(1897, 'Munanira', 339, -1, -1),
(1898, 'Munazi', 93, -1, -1),
(1899, 'Munazi', 134, -1, -1),
(1900, 'Munege', 135, -1, -1),
(1901, 'Mungwa', 252, -1, -1),
(1902, 'Munini', 2, -1, -1),
(1903, 'Munini', 180, -1, -1),
(1904, 'Munini', 210, -1, -1),
(1905, 'Munini', 253, -1, -1),
(1906, 'Munonotsi', 112, -1, -1),
(1907, 'MunyikaI', 350, -1, -1),
(1908, 'MunyikaII', 350, -1, -1),
(1909, 'Munyinya', 35, -1, -1),
(1910, 'Munyinya', 62, -1, -1),
(1911, 'Munyinya', 139, -1, -1),
(1912, 'Munyinya', 247, -1, -1),
(1913, 'Munyinya', 285, -1, -1),
(1914, 'Munyinya', 303, -1, -1),
(1915, 'Munyinya', 315, -1, -1),
(1916, 'Munyinya', 347, -1, -1),
(1917, 'Munzenze', 254, -1, -1),
(1918, 'Mura', 101, -1, -1),
(1919, 'Murago', 41, -1, -1),
(1920, 'Murago', 60, -1, -1),
(1921, 'Murago', 92, -1, -1),
(1922, 'Murago', 104, -1, -1),
(1923, 'Murago', 150, -1, -1),
(1924, 'Murago', 198, -1, -1),
(1925, 'Murago', 370, -1, -1),
(1926, 'MuramaI', 178, -1, -1),
(1927, 'MuramaII', 178, -1, -1),
(1928, 'Murama', 149, -1, -1),
(1929, 'Murama', 211, -1, -1),
(1930, 'Murama', 311, -1, -1),
(1931, 'Murama', 319, -1, -1),
(1932, 'Murama', 346, -1, -1),
(1933, 'Murama', 386, -1, -1),
(1934, 'Murama-Rugwe', 29, -1, -1),
(1935, 'Muramba', 17, -1, -1),
(1936, 'Muramba', 34, -1, -1),
(1937, 'Muramba', 83, -1, -1),
(1938, 'Muramba', 144, -1, -1),
(1939, 'Muramba', 178, -1, -1),
(1940, 'Muramba', 256, -1, -1),
(1941, 'Muramba', 317, -1, -1),
(1942, 'Murambi', 2, -1, -1),
(1943, 'Murambi', 31, -1, -1),
(1944, 'Murambi', 40, -1, -1),
(1945, 'Murambi', 84, -1, -1),
(1946, 'Murambi', 111, -1, -1),
(1947, 'Murambi', 117, -1, -1),
(1948, 'Murambi', 128, -1, -1),
(1949, 'Murambi', 258, -1, -1),
(1950, 'Murambi', 355, -1, -1),
(1951, 'Murambi', 359, -1, -1),
(1952, 'Muramvya(C.UrbainetRural)', 259, -1, -1),
(1953, 'Muramvya', 168, -1, -1),
(1954, 'Murangara', 313, -1, -1),
(1955, 'Murango', 117, -1, -1),
(1956, 'Murara', 81, -1, -1),
(1957, 'Murara', 358, -1, -1),
(1958, 'Murarambwe', 364, -1, -1),
(1959, 'Murayi', 133, -1, -1),
(1960, 'Mureba', 317, -1, -1),
(1961, 'Murehe', 90, -1, -1),
(1962, 'Murehe', 215, -1, -1),
(1963, 'Murehe', 287, -1, -1),
(1964, 'Murehe', 313, -1, -1),
(1965, 'Murehe', 317, -1, -1),
(1966, 'Murembera', 81, -1, -1),
(1967, 'Muremera', 46, -1, -1),
(1968, 'Muremera', 96, -1, -1),
(1969, 'Muremera', 102, -1, -1),
(1970, 'Muremera', 213, -1, -1),
(1971, 'Muremera', 293, -1, -1),
(1972, 'Murenda', 260, -1, -1),
(1974, 'Murenge', 358, -1, -1),
(1975, 'Murengera', 77, -1, -1),
(1976, 'Murengeza', 268, -1, -1),
(1977, 'Muresi', 194, -1, -1),
(1978, 'Murima', 261, -1, -1),
(1979, 'Murinda', 220, -1, -1),
(1980, 'Murira=V2', 100, -1, -1),
(1981, 'Muririmbo', 273, -1, -1),
(1982, 'Murirwe', 227, -1, -1),
(1983, 'Muriza', 262, -1, -1),
(1984, 'Murore', 263, -1, -1),
(1985, 'Murunga', 131, -1, -1),
(1986, 'Muruta', 87, -1, -1),
(1987, 'Muruta', 264, -1, -1),
(1988, 'Murwi', 265, -1, -1),
(1989, 'Musagara', 106, -1, -1),
(1990, 'Musakazi', 269, -1, -1),
(1991, 'MusamaII', 319, -1, -1),
(1992, 'Musama', 133, -1, -1),
(1993, 'Musama', 148, -1, -1),
(1994, 'Musama', 154, -1, -1),
(1995, 'Musanga', 112, -1, -1),
(1996, 'Musanga', 175, -1, -1),
(1997, 'Musasa', 5, -1, -1),
(1998, 'Musasa', 267, -1, -1),
(1999, 'Musave', 150, -1, -1),
(2000, 'Musave', 198, -1, -1),
(2001, 'Musebeyi', 38, -1, -1),
(2002, 'Musema', 309, -1, -1),
(2003, 'Musemo', 236, -1, -1),
(2004, 'Musenga', 75, -1, -1),
(2005, 'Musenga', 232, -1, -1),
(2006, 'Musenga', 315, -1, -1),
(2007, 'Museno', 119, -1, -1),
(2008, 'Musenyi', 101, -1, -1),
(2009, 'Musenyi', 121, -1, -1),
(2010, 'Musenyi', 141, -1, -1),
(2011, 'Kinama', 163, -1, -1),
(2012, 'Musenyi', 241, -1, -1),
(2013, 'Musenyi', 66, -1, -1),
(2014, 'Musenyi', 249, -1, -1),
(2015, 'Musenyi', 268, -1, -1),
(2016, 'Musenyi', 269, -1, -1),
(2017, 'Musenyi', 350, -1, -1),
(2018, 'Musha', 295, -1, -1),
(2019, 'Mushanga', 265, -1, -1),
(2020, 'MushashaI', 97, -1, -1),
(2021, 'MushashaII', 97, -1, -1),
(2022, 'Mushasha', 124, -1, -1),
(2023, 'Mushikanwa', 251, -1, -1),
(2024, 'Mushishi', 115, -1, -1),
(2025, 'Musho', 158, -1, -1),
(2026, 'Musigati', 271, -1, -1),
(2027, 'Musimbwe', 323, -1, -1),
(2028, 'Musinzira', 124, -1, -1),
(2029, 'Musivya', 114, -1, -1),
(2031, 'Musongati', 159, -1, -1),
(2032, 'Musongati', 245, -1, -1),
(2033, 'Musongati', 324, -1, -1),
(2034, 'Musonge', 139, -1, -1),
(2035, 'Musotera', 151, -1, -1),
(2036, 'Musugi', 184, -1, -1),
(2037, 'Musumba', 10, -1, -1),
(2038, 'Musumba', 95, -1, -1),
(2039, 'Musumba', 134, -1, -1),
(2040, 'Musumba', 332, -1, -1),
(2041, 'Mutaho', 273, -1, -1),
(2042, 'Mutambara', 94, -1, -1),
(2043, 'Mutana', 132, -1, -1),
(2044, 'Mutana', 304, -1, -1),
(2045, 'MutangaSud-Sororezo-MugobokaI', 338, -1, -1),
(2046, 'Mutanga', 129, -1, -1),
(2047, 'Mutangaro', 285, -1, -1),
(2048, 'Mutara', 178, -1, -1),
(2049, 'Mutarishwa', 19, -1, -1),
(2050, 'Mutarure', 2, -1, -1),
(2051, 'Muterero', 66, -1, -1),
(2052, 'Mutobo', 113, -1, -1),
(2053, 'Mutobo', 158, -1, -1),
(2054, 'Mutobo', 356, -1, -1),
(2055, 'Mutoyi', 275, -1, -1),
(2056, 'Mutsinda', 179, -1, -1),
(2057, 'Mutsindozi', 324, -1, -1),
(2058, 'Mutumba', 213, -1, -1),
(2059, 'Muturirwa', 214, -1, -1),
(2060, 'Mutwana', 54, -1, -1),
(2061, 'Mutwazi', 187, -1, -1),
(2062, 'Muvumo', 117, -1, -1),
(2063, 'Muvumu', 170, -1, -1),
(2064, 'Muvumu', 316, -1, -1),
(2065, 'Muvyuko', 321, -1, -1),
(2066, 'Muyabara', 190, -1, -1),
(2067, 'Muyaga', 66, -1, -1),
(2068, 'Muyaga', 152, -1, -1),
(2069, 'MuyangeIGatumba', 97, -1, -1),
(2070, 'MuyangeIIGatumba', 97, -1, -1),
(2071, 'Muyange-Kavumu', 257, -1, -1),
(2072, 'Muyange', 17, -1, -1),
(2073, 'Muyange', 52, -1, -1),
(2074, 'Muyange', 87, -1, -1),
(2076, 'Muyange', 198, -1, -1),
(2077, 'Muyange', 224, -1, -1),
(2078, 'Muyange', 253, -1, -1),
(2079, 'Muyange', 273, -1, -1),
(2080, 'Muyange', 277, -1, -1),
(2081, 'Muyange', 278, -1, -1),
(2082, 'Muyange', 288, -1, -1),
(2083, 'Muyange', 321, -1, -1),
(2084, 'Muyange', 324, -1, -1),
(2085, 'Muyange', 340, -1, -1),
(2086, 'Muyange', 344, -1, -1),
(2087, 'Muyebe', 159, -1, -1),
(2088, 'Muyebe', 279, -1, -1),
(2089, 'Muyebe', 280, -1, -1),
(2090, 'Muyinga', 168, -1, -1),
(2091, 'Muyinza', 364, -1, -1),
(2092, 'Muyira', 282, -1, -1),
(2093, 'Muyogoro', 213, -1, -1),
(2094, 'Muyogoro', 294, -1, -1),
(2095, 'Muyombwe', 49, -1, -1),
(2096, 'Muzamba', 384, -1, -1),
(2097, 'Muzazi', 223, -1, -1),
(2098, 'Muzenga', 21, -1, -1),
(2099, 'Muzenga', 273, -1, -1),
(2100, 'Muzenga', 285, -1, -1),
(2101, 'Muzenga', 360, -1, -1),
(2102, 'Muzi', 197, -1, -1),
(2103, 'Muzima', 283, -1, -1),
(2104, 'Muzima', 335, -1, -1),
(2105, 'Muzinda', 286, -1, -1),
(2106, 'Muzire', 65, -1, -1),
(2107, 'Muzumure', 78, -1, -1),
(2108, 'Muzye', 287, -1, -1),
(2109, 'Mvugo', 331, -1, -1),
(2110, 'Mvumvu', 345, -1, -1),
(2111, 'Mwakiro', 288, -1, -1),
(2112, 'Mwamba', 256, -1, -1),
(2113, 'Mwambu', 387, -1, -1),
(2114, 'Mwange', 186, -1, -1),
(2115, 'Mwanzari', 260, -1, -1),
(2116, 'Mwarangabo', 344, -1, -1),
(2117, 'Mwaro-Mavuvu', 196, -1, -1),
(2118, 'Mwaro-Ngundu', 196, -1, -1),
(2119, 'Mwarusi', 245, -1, -1),
(2120, 'Mwaza', 212, -1, -1),
(2121, 'Mwebeya', 54, -1, -1),
(2122, 'Mwegereza', 316, -1, -1),
(2123, 'Mwendo', 150, -1, -1),
(2124, 'Mwendo', 240, -1, -1),
(2125, 'Mwendo', 306, -1, -1),
(2126, 'Mwenene', 336, -1, -1),
(2127, 'Mwenya', 178, -1, -1),
(2128, 'Mwico', 372, -1, -1),
(2129, 'Mwika', 85, -1, -1),
(2130, 'Mwimbiro', 278, -1, -1),
(2131, 'Mwiruzi', 236, -1, -1),
(2132, 'Mwoya', 23, -1, -1),
(2133, 'Mwumba', 260, -1, -1),
(2134, 'Mwumba', 273, -1, -1),
(2135, 'Mwumba', 290, -1, -1),
(2136, 'Mayemba', 308, -1, -1),
(2137, 'Mwunguzi', 293, -1, -1),
(2138, 'Mwura', 239, -1, -1),
(2139, 'Mwurire', 16, -1, -1),
(2140, 'Mwurire', 346, -1, -1),
(2141, 'Myando', 385, -1, -1),
(2142, 'Myave', 296, -1, -1),
(2143, 'Myugariro', 264, -1, -1),
(2144, 'Ndago', 52, -1, -1),
(2145, 'Ndago', 292, -1, -1),
(2146, 'Ndago', 315, -1, -1),
(2147, 'Ndago', 317, -1, -1),
(2148, 'Ndago', 330, -1, -1),
(2149, 'Ndava', 114, -1, -1),
(2150, 'Ndava', 192, -1, -1),
(2151, 'Ndava', 199, -1, -1),
(2152, 'Ndava', 230, -1, -1),
(2153, 'Ndava', 294, -1, -1),
(2154, 'Ndava-Busongo', 100, -1, -1),
(2155, 'Ndava-village', 293, -1, -1),
(2156, 'Ndayi', 6, -1, -1),
(2157, 'Ndemeka', 295, -1, -1),
(2158, 'Nderema', 35, -1, -1),
(2159, 'Ndoba', 220, -1, -1),
(2160, 'Nemba', 312, -1, -1),
(2161, 'Nete', 90, -1, -1),
(2162, 'Nganji', 362, -1, -1),
(2164, 'Ngara', 238, -1, -1),
(2165, 'Ngara', 256, -1, -1),
(2166, 'Ngara', 289, -1, -1),
(2167, 'Ngarama', 151, -1, -1),
(2168, 'Ngarama', 373, -1, -1),
(2169, 'Ngaruzwa', 377, -1, -1),
(2170, 'Ngayane', 307, -1, -1),
(2171, 'Ngendo', 301, -1, -1),
(2172, 'Ngendo', 385, -1, -1),
(2173, 'Ngeramigongo', 80, -1, -1),
(2174, 'Ngobeke', 227, -1, -1),
(2175, 'Ngogomo', 174, -1, -1),
(2176, 'Ngoma', 3, -1, -1),
(2177, 'Ngoma', 132, -1, -1),
(2178, 'Ngoma', 240, -1, -1),
(2179, 'Ngoma', 298, -1, -1),
(2180, 'Ngoma', 299, -1, -1),
(2181, 'Ngoma', 324, -1, -1),
(2182, 'Ngoma', 341, -1, -1),
(2183, 'Ngoma', 379, -1, -1),
(2184, 'Ngomante', 81, -1, -1),
(2185, 'Ngomo', 205, -1, -1),
(2186, 'Ngoro', 294, -1, -1),
(2187, 'Ngoro', 301, -1, -1),
(2188, 'Ngoro', 345, -1, -1),
(2189, 'Ngorore', 60, -1, -1),
(2190, 'Nimba', 293, -1, -1),
(2191, 'Ninga=V4', 39, -1, -1),
(2192, 'Ninga', 303, -1, -1),
(2193, 'Nini', 86, -1, -1),
(2194, 'Nkanda', 85, -1, -1),
(2195, 'Nkanda', 155, -1, -1),
(2196, 'Nkanda', 275, -1, -1),
(2197, 'Nkango', 46, -1, -1),
(2198, 'Nkanka', 287, -1, -1),
(2199, 'Nkayamba', 357, -1, -1),
(2200, 'Nkenga-Busoro', 148, -1, -1),
(2201, 'Nkima', 129, -1, -1),
(2202, 'Nkizi', 276, -1, -1),
(2203, 'Nkohwa', 87, -1, -1),
(2204, 'Nkomero', 18, -1, -1),
(2205, 'Nkonge', 304, -1, -1),
(2206, 'Nkongwe', 53, -1, -1),
(2207, 'Nkongwe', 273, -1, -1),
(2208, 'Nkoro', 65, -1, -1),
(2209, 'Nkoronko', 25, -1, -1),
(2210, 'Nkorwe', 364, -1, -1),
(2211, 'Nkuba', 261, -1, -1),
(2212, 'Nkuba', 123, -1, -1),
(2214, 'Nkundusi', 195, -1, -1),
(2215, 'Nkurunzi', 195, -1, -1),
(2216, 'Nkurye', 101, -1, -1),
(2217, 'Nombe', 62, -1, -1),
(2218, 'Nonwe', 126, -1, -1),
(2219, 'Ntamba', 249, -1, -1),
(2220, 'Ntamba', 305, -1, -1),
(2221, 'Ntara', 91, -1, -1),
(2222, 'Ntarambo', 137, -1, -1),
(2223, 'Ntega', 88, -1, -1),
(2224, 'Ntega', 306, -1, -1),
(2225, 'Nteko', 301, -1, -1),
(2226, 'Nteko', 345, -1, -1),
(2227, 'Ntiba', 221, -1, -1),
(2228, 'Ntita', 196, -1, -1),
(2229, 'Ntobo', 128, -1, -1),
(2230, 'Ntobwe', 252, -1, -1),
(2231, 'Ntonzi', 238, -1, -1),
(2232, 'Ntuku', 119, -1, -1),
(2233, 'Ntunda', 7, -1, -1),
(2234, 'Ntunda', 222, -1, -1),
(2235, 'Ntunda', 307, -1, -1),
(2236, 'Ntunda', 313, -1, -1),
(2237, 'Ntunda', 377, -1, -1),
(2238, 'Nyabakara', 81, -1, -1),
(2239, 'Nyabangwe', 117, -1, -1),
(2240, 'Nyabibondo', 308, -1, -1),
(2241, 'Nyabibuye', 309, -1, -1),
(2242, 'Nyabibuye', 310, -1, -1),
(2243, 'Nyabibuye', 337, -1, -1),
(2244, 'Nyabigina', 136, -1, -1),
(2245, 'Nyabigina', 138, -1, -1),
(2246, 'Nyabigina', 182, -1, -1),
(2247, 'Nyabigozi', 316, -1, -1),
(2248, 'Nyabigugo', 9, -1, -1),
(2249, 'Nyabiharage', 124, -1, -1),
(2250, 'Nyabihogo', 312, -1, -1),
(2251, 'Nyabikaranka', 137, -1, -1),
(2252, 'Nyabikenke', 18, -1, -1),
(2253, 'Nyabikenke', 119, -1, -1),
(2254, 'Nyabikenke', 162, -1, -1),
(2255, 'Nyabikenke', 192, -1, -1),
(2256, 'Nyabikenke', 389, -1, -1),
(2257, 'Nyabikere', 170, -1, -1),
(2258, 'Nyabiraba', 314, -1, -1),
(2259, 'Nyabisaka', 294, -1, -1),
(2260, 'Nyabisaka', 379, -1, -1),
(2261, 'Nyabisiga', 146, -1, -1),
(2262, 'Nyabisindu', 66, -1, -1),
(2263, 'Nyabisindu', 111, -1, -1),
(2264, 'Nyabisindu', 272, -1, -1),
(2265, 'Nyabitabo', 153, -1, -1),
(2266, 'Nyabitaka', 57, -1, -1),
(2267, 'Nyabitaka', 316, -1, -1),
(2268, 'Nyabitare', 316, -1, -1),
(2269, 'Nyabitsinda', 317, -1, -1),
(2270, 'Nyabitwe', 140, -1, -1),
(2271, 'Nyabiyogi', 78, -1, -1),
(2272, 'Nyabizinu', 355, -1, -1),
(2273, 'Nyabubuye', 299, -1, -1),
(2274, 'Nyabucokwe', 74, -1, -1),
(2275, 'Nyabugeni', 263, -1, -1),
(2276, 'Nyabugete', 148, -1, -1),
(2277, 'Nyabungere', 14, -1, -1),
(2278, 'Nyabungere', 47, -1, -1),
(2279, 'Nyaburondwe', 262, -1, -1),
(2280, 'Nyabutare', 278, -1, -1),
(2281, 'Nyabututsi-Rurale', 252, -1, -1),
(2282, 'Nyabututsi-Urbaine', 124, -1, -1),
(2283, 'Nyabwayi', 123, -1, -1),
(2284, 'Nyacambuko', 284, -1, -1),
(2285, 'Nyagahanda', 317, -1, -1),
(2286, 'Nyagahwabare', 323, -1, -1),
(2287, 'Nyagasaka', 40, -1, -1),
(2288, 'Nyagasebeyi', 269, -1, -1),
(2289, 'Nyagaseke', 188, -1, -1),
(2290, 'Nyagashubi', 351, -1, -1),
(2291, 'Nyagatobo-Businde', 79, -1, -1),
(2292, 'Nyagatobo-Kiyange', 79, -1, -1),
(2293, 'Nyagatovu', 319, -1, -1),
(2294, 'Nyagatovu', 320, -1, -1),
(2295, 'Nyagisambwe', 324, -1, -1),
(2296, 'Nyagisenyi', 275, -1, -1),
(2297, 'Nyagisovu', 387, -1, -1),
(2298, 'Nyagisozi', 321, -1, -1),
(2299, 'Nyagitika', 317, -1, -1),
(2300, 'Nyagitongati', 98, -1, -1),
(2301, 'Nyagoba', 17, -1, -1),
(2302, 'Nyagutoha', 362, -1, -1),
(2303, 'Nyakabanda', 165, -1, -1),
(2304, 'Nyakabanda', 385, -1, -1),
(2305, 'Nyakabenga', 378, -1, -1),
(2306, 'NyakabigaI', 322, -1, -1),
(2307, 'NyakabigaII', 322, -1, -1),
(2308, 'NyakabigaIII', 322, -1, -1),
(2309, 'Nyakabugu', 307, -1, -1),
(2310, 'Nyakanazi', 315, -1, -1),
(2311, 'Nyakarama', 185, -1, -1),
(2312, 'Nyakarambo', 149, -1, -1),
(2313, 'Nyakararo', 270, -1, -1),
(2314, 'Nyakazi', 31, -1, -1),
(2315, 'Nyakazu', 165, -1, -1),
(2316, 'Nyakerera', 215, -1, -1),
(2317, 'Nyakeru', 275, -1, -1),
(2318, 'Nyakibande', 326, -1, -1),
(2319, 'Nyakibari', 279, -1, -1),
(2320, 'Nyakibari', 304, -1, -1),
(2321, 'Nyakibingo', 2, -1, -1),
(2322, 'Nyakibingo', 125, -1, -1),
(2323, 'Nyakibingo', 243, -1, -1),
(2324, 'Nyakibingo', 364, -1, -1),
(2325, 'Nyakigano', 318, -1, -1),
(2326, 'Nyakigina', 315, -1, -1),
(2327, 'Nyakijwira', 211, -1, -1),
(2328, 'Nyakimonyi', 390, -1, -1),
(2329, 'Nyakirunga', 316, -1, -1),
(2330, 'Nyakirwa', 323, -1, -1),
(2331, 'Nyakivumu', 66, -1, -1),
(2332, 'Nyakivumu', 316, -1, -1),
(2333, 'Nyakiyonga', 243, -1, -1),
(2334, 'Nyakizu', 93, -1, -1),
(2335, 'Nyakuguma', 166, -1, -1),
(2336, 'Nyakuguma', 324, -1, -1),
(2337, 'Nyakuguma', 387, -1, -1),
(2338, 'Nyamabega', 25, -1, -1),
(2339, 'Nyamabere', 268, -1, -1),
(2340, 'Nyamaboko', 184, -1, -1),
(2341, 'Nyamabuye', 164, -1, -1),
(2342, 'Nyamabuye', 171, -1, -1),
(2343, 'Nyamagana', 235, -1, -1),
(2344, 'Nyamagandika', 260, -1, -1),
(2345, 'Nyamakarabo', 325, -1, -1),
(2346, 'Nyamarobe', 18, -1, -1),
(2347, 'Nyamasenga', 243, -1, -1),
(2348, 'Nyamateke', 81, -1, -1),
(2349, 'Nyambo', 42, -1, -1),
(2350, 'Nyambo', 73, -1, -1),
(2351, 'Nyambuye', 145, -1, -1),
(2352, 'Nyambuye', 326, -1, -1),
(2353, 'Nyamigina', 134, -1, -1),
(2354, 'Nyamigogo', 195, -1, -1),
(2355, 'Nyamihana', 341, -1, -1),
(2356, 'Nyamihondi', 56, -1, -1),
(2358, 'Nyamirama', 315, -1, -1),
(2359, 'Nyamirambo', 75, -1, -1),
(2360, 'Nyamirinzi', 388, -1, -1),
(2361, 'Nyamisagara', 68, -1, -1),
(2362, 'Nyamisagara', 135, -1, -1),
(2363, 'Nyamisure', 145, -1, -1),
(2364, 'Nyamitanga', 225, -1, -1),
(2365, 'Nyamitanga', 293, -1, -1),
(2366, 'Nyamitore', 250, -1, -1),
(2367, 'Nyamitwenzi', 270, -1, -1),
(2368, 'Nyamiyaga', 1, -1, -1),
(2369, 'Nyamiyaga', 114, -1, -1),
(2370, 'Nyamiyaga', 151, -1, -1),
(2371, 'Nyamiyaga', 195, -1, -1),
(2372, 'Nyamiyaga', 262, -1, -1),
(2373, 'Nyamiyaga', 360, -1, -1),
(2374, 'Nyamiyogoro', 264, -1, -1),
(2375, 'Nyamonde', 140, -1, -1),
(2376, 'Nyampinda', 361, -1, -1),
(2377, 'Nyamugari', 12, -1, -1),
(2378, 'Nyamugari', 98, -1, -1),
(2379, 'Nyamugari', 121, -1, -1),
(2380, 'Nyamugari', 124, -1, -1),
(2381, 'Nyamugari', 147, -1, -1),
(2382, 'Nyamugari', 149, -1, -1),
(2383, 'Nyamugari', 155, -1, -1),
(2384, 'Nyamugari', 201, -1, -1),
(2385, 'Nyamugari', 318, -1, -1),
(2386, 'Nyamugari', 327, -1, -1),
(2387, 'Nyamunazi', 170, -1, -1),
(2388, 'Nyamurenge', 294, -1, -1),
(2389, 'Nyamurunga', 284, -1, -1),
(2390, 'Nyamusasa', 134, -1, -1),
(2391, 'Nyamutobo', 313, -1, -1),
(2392, 'Nyamwera', 199, -1, -1),
(2393, 'Nyamyeha', 296, -1, -1),
(2394, 'Nyange', 213, -1, -1),
(2395, 'Nyange', 351, -1, -1),
(2396, 'Nyange-Bushaza', 177, -1, -1),
(2397, 'Nyangungu', 379, -1, -1),
(2398, 'Nyangurube', 232, -1, -1),
(2399, 'Nyangushwe', 123, -1, -1),
(2400, 'Nyangwe', 137, -1, -1),
(2401, 'Nyangwe', 361, -1, -1),
(2402, 'Nyankara', 330, -1, -1),
(2403, 'Nyankende', 232, -1, -1),
(2404, 'Burima II', 128, -1, -1),
(2405, 'Nyankuba', 223, -1, -1),
(2406, 'Nyankurazo', 85, -1, -1),
(2407, 'Nyarubabi', 12, -1, -1),
(2408, 'Nyarubanga', 31, -1, -1),
(2409, 'Nyarubano', 113, -1, -1),
(2410, 'Nyarubayi', 277, -1, -1),
(2411, 'Nyarubenga', 335, -1, -1),
(2412, 'Nyarubugu', 296, -1, -1),
(2413, 'Nyarucamo', 332, -1, -1),
(2414, 'Nyaruganda', 243, -1, -1),
(2415, 'Nyarugati', 85, -1, -1),
(2416, 'Nyarugera', 253, -1, -1),
(2417, 'Nyarugunda', 298, -1, -1),
(2418, 'Nyaruhinda', 333, -1, -1),
(2419, 'Nyarukere', 160, -1, -1),
(2420, 'Nyarukere', 367, -1, -1),
(2421, 'Nyarumanga', 209, -1, -1),
(2422, 'Nyarumanga', 345, -1, -1),
(2423, 'Nyarumpongo', 363, -1, -1),
(2424, 'Nyarumuri', 243, -1, -1),
(2425, 'Nyarunazi', 172, -1, -1),
(2426, 'Nyarunazi', 367, -1, -1),
(2427, 'Nyarunazi', 373, -1, -1),
(2428, 'Nyarurama', 46, -1, -1),
(2429, 'Nyarurambi', 37, -1, -1),
(2430, 'Nyarurambi', 92, -1, -1),
(2431, 'Nyarurambi', 161, -1, -1),
(2432, 'Nyarurambi', 225, -1, -1),
(2434, 'Nyarurinzi', 21, -1, -1),
(2435, 'Nyarusange', 75, -1, -1),
(2436, 'Nyarusange', 271, -1, -1),
(2437, 'Nyarusange', 329, -1, -1),
(2438, 'Nyarusange', 337, -1, -1),
(2439, 'Nyarusebeyi', 28, -1, -1),
(2440, 'Nyarushanga', 36, -1, -1),
(2441, 'Nyarushanga', 131, -1, -1),
(2442, 'Nyarutiti', 215, -1, -1),
(2443, 'Nyarutovu', 122, -1, -1),
(2444, 'Nyarutuntu', 182, -1, -1),
(2445, 'Nyarwaga', 1, -1, -1),
(2446, 'Bubanza', 128, -1, -1),
(2447, 'Nyarwumba', 206, -1, -1),
(2448, 'Nyatubuye', 257, -1, -1),
(2449, 'Nyavyamo', 283, -1, -1),
(2450, 'Nyembuye', 287, -1, -1),
(2451, 'Nyemera', 306, -1, -1),
(2452, 'Nyempundu', 325, -1, -1),
(2453, 'Nyenkarange', 349, -1, -1),
(2454, 'Nyentambwe', 192, -1, -1),
(2455, 'Nyenzi', 3, -1, -1),
(2456, 'Nyeshanga=V3', 39, -1, -1),
(2457, 'Nyomvyi', 48, -1, -1),
(2458, 'Nyungu', 63, -1, -1),
(2460, 'Nzewe', 336, -1, -1),
(2461, 'Nzibariba', 23, -1, -1),
(2462, 'Nzove', 205, -1, -1),
(2463, 'Nzove', 379, -1, -1),
(2464, 'Nzozi', 222, -1, -1),
(2465, 'Q.Asiatique', 338, -1, -1),
(2466, 'Q.ButerereI', 51, -1, -1),
(2467, 'Q.ButerereIIA', 51, -1, -1),
(2468, 'Q.ButerereIIB', 51, -1, -1),
(2469, 'Q.GihoshaUrbain', 105, -1, -1),
(2470, 'Q.Gikizi', 143, -1, -1),
(2471, 'Q.GikunguI', 105, -1, -1),
(2472, 'Q.GikunguII', 105, -1, -1),
(2473, 'Q.Gikungurural', 105, -1, -1),
(2474, 'Q.Gituro', 143, -1, -1),
(2475, 'Q.Heha', 143, -1, -1),
(2476, 'Q.INSS', 338, -1, -1),
(2477, 'Q.Kabusa', 51, -1, -1),
(2478, 'Q.Kavumu', 143, -1, -1),
(2479, 'Q.KiyangeI', 51, -1, -1),
(2480, 'Q.KiyangeII', 51, -1, -1),
(2481, 'Q.Maramvya', 51, -1, -1),
(2482, 'Q.MirangoI', 143, -1, -1),
(2483, 'Q.MirangoII', 143, -1, -1),
(2484, 'Q.Mubone', 51, -1, -1),
(2485, 'Q.Mugaruro', 51, -1, -1),
(2486, 'Q.Muyaga', 105, -1, -1),
(2487, 'Q.Nyabagere', 105, -1, -1),
(2488, 'Q.Songa', 143, -1, -1),
(2489, 'Q.Taba', 105, -1, -1),
(2490, 'Q.Teza', 143, -1, -1),
(2491, 'Q.Twinyoni', 143, -1, -1),
(2492, 'Q.Winterekwa', 105, -1, -1),
(2493, 'QuartierI', 59, -1, -1),
(2494, 'QuartierI', 71, -1, -1),
(2495, 'QuartierI', 297, -1, -1),
(2496, 'QuartierII', 59, -1, -1),
(2497, 'QuartierII', 71, -1, -1),
(2498, 'QuartierII', 297, -1, -1),
(2499, 'QuartierIII', 59, -1, -1),
(2500, 'QuartierIII', 71, -1, -1),
(2501, 'QuartierIII', 297, -1, -1),
(2502, 'QuartierIV', 59, -1, -1),
(2503, 'QuartierIV', 71, -1, -1),
(2504, 'QuartierIV', 297, -1, -1),
(2505, 'QuartierIX', 297, -1, -1),
(2506, 'QuartierV', 59, -1, -1),
(2507, 'QuartierV', 71, -1, -1),
(2508, 'QuartierV', 297, -1, -1),
(2509, 'QuartierVIMutakura', 71, -1, -1),
(2510, 'QuartierVI', 59, -1, -1),
(2511, 'QuartierVI', 297, -1, -1),
(2512, 'QuartierVIIMutakura', 71, -1, -1),
(2513, 'QuartierVII', 59, -1, -1),
(2514, 'QuartierVII', 297, -1, -1),
(2515, 'Rabiro', 65, -1, -1),
(2516, 'Rabiro', 112, -1, -1),
(2517, 'Rabiro', 388, -1, -1),
(2518, 'Ragabo', 144, -1, -1),
(2519, 'Ragwe', 18, -1, -1),
(2520, 'Rama', 337, -1, -1),
(2521, 'Ramba', 104, -1, -1),
(2523, 'Rambo', 107, -1, -1),
(2524, 'Ramvya', 23, -1, -1),
(2525, 'Randa', 132, -1, -1),
(2526, 'Rangi', 278, -1, -1),
(2527, 'Rangira', 77, -1, -1),
(2528, 'Rango', 60, -1, -1),
(2529, 'Rango', 124, -1, -1),
(2530, 'Rango', 337, -1, -1),
(2531, 'Raro', 314, -1, -1),
(2532, 'Rasa', 238, -1, -1),
(2534, 'Remba', 243, -1, -1),
(2535, 'Remera', 21, -1, -1),
(2536, 'Remera', 86, -1, -1),
(2537, 'Remera', 264, -1, -1),
(2538, 'Remera', 382, -1, -1),
(2539, 'Renga', 247, -1, -1),
(2540, 'Rimbo', 248, -1, -1),
(2541, 'RoheroI-Gatoke', 338, -1, -1),
(2542, 'RoheroII', 338, -1, -1),
(2543, 'Rorero', 151, -1, -1),
(2544, 'Rubagabaga', 210, -1, -1),
(2545, 'Rubamvye', 146, -1, -1),
(2546, 'Rubamvyi', 125, -1, -1),
(2547, 'Rubanda', 128, -1, -1),
(2548, 'Rubanga', 49, -1, -1),
(2549, 'Rubanga', 54, -1, -1),
(2550, 'Rubanga', 225, -1, -1),
(2551, 'Rubaragaza', 62, -1, -1),
(2552, 'Rubarasi', 176, -1, -1),
(2553, 'Rubari', 213, -1, -1),
(2554, 'Rubavu', 45, -1, -1),
(2555, 'Rubenga', 230, -1, -1),
(2556, 'Rubimba', 157, -1, -1),
(2557, 'Rubindi', 248, -1, -1),
(2558, 'Rubira', 268, -1, -1),
(2559, 'Rubirizi', 140, -1, -1),
(2560, 'Rubirizi', 284, -1, -1),
(2561, 'Rubirizi', 340, -1, -1),
(2562, 'Rubirizi', 344, -1, -1),
(2563, 'Rubizi', 282, -1, -1),
(2564, 'Rubona', 341, -1, -1),
(2565, 'Rubuga', 122, -1, -1),
(2566, 'Rubuga', 185, -1, -1),
(2567, 'Rubungu', 106, -1, -1),
(2568, 'Rubura', 43, -1, -1),
(2569, 'Rubuye', 69, -1, -1),
(2570, 'Ruce', 342, -1, -1),
(2571, 'Rudaraza', 369, -1, -1),
(2572, 'Rudehe', 2, -1, -1),
(2573, 'Rugabano', 145, -1, -1),
(2574, 'Rugabano', 343, -1, -1),
(2575, 'Rugajo', 344, -1, -1),
(2576, 'Rugamba', 240, -1, -1),
(2577, 'Ruganira', 251, -1, -1),
(2578, 'Ruganirwa', 75, -1, -1),
(2579, 'Rugano', 21, -1, -1),
(2580, 'Ruganza', 345, -1, -1),
(2581, 'Rugarama', 111, -1, -1),
(2582, 'Rugari', 20, -1, -1),
(2583, 'Rugari', 346, -1, -1),
(2584, 'Rugari-Gitamo', 125, -1, -1),
(2585, 'Rugasa', 164, -1, -1),
(2586, 'Rugata', 12, -1, -1),
(2587, 'Rugazi', 347, -1, -1),
(2588, 'Rugazi', 349, -1, -1),
(2589, 'Gugembe', 226, -1, -1),
(2590, 'Rugendo', 344, -1, -1),
(2591, 'Rugenge', 268, -1, -1),
(2592, 'Rugeregere', 350, -1, -1),
(2593, 'Rugerero', 236, -1, -1),
(2594, 'Rugese', 126, -1, -1),
(2595, 'Rugese', 306, -1, -1),
(2596, 'Rugeyo', 305, -1, -1),
(2597, 'Rugoma', 32, -1, -1),
(2598, 'Rugoma', 303, -1, -1),
(2599, 'Rugongo', 47, -1, -1),
(2600, 'Rugongo', 351, -1, -1),
(2601, 'Rugoti', 53, -1, -1),
(2603, 'Rugunga', 100, -1, -1),
(2604, 'Ruhagarika', 84, -1, -1),
(2605, 'Ruhande', 312, -1, -1),
(2606, 'Ruhande', 313, -1, -1),
(2607, 'Ruhando', 285, -1, -1),
(2608, 'Ruhanza', 99, -1, -1),
(2609, 'Ruhanza', 102, -1, -1),
(2610, 'Ruharo', 204, -1, -1),
(2611, 'Ruharo', 243, -1, -1),
(2612, 'Ruharo', 376, -1, -1),
(2613, 'Ruhata', 122, -1, -1),
(2614, 'Ruheha', 321, -1, -1),
(2615, 'Ruhehe', 162, -1, -1),
(2616, 'Ruhehe', 236, -1, -1),
(2617, 'Ruhembe', 35, -1, -1),
(2618, 'Ruhengeri', 92, -1, -1),
(2619, 'Ruhengeri', 95, -1, -1),
(2620, 'Ruhinda', 32, -1, -1),
(2621, 'Ruhinga', 132, -1, -1),
(2622, 'Ruhinga', 318, -1, -1),
(2623, 'Ruhinga', 337, -1, -1),
(2624, 'Ruhinga', 382, -1, -1),
(2625, 'Ruhongore', 3, -1, -1),
(2626, 'Ruhororo', 132, -1, -1),
(2627, 'Ruhororo', 209, -1, -1),
(2628, 'Ruhororo', 352, -1, -1),
(2629, 'Ruhwago', 373, -1, -1),
(2630, 'Rujungu', 120, -1, -1),
(2632, 'Rukambura', 46, -1, -1),
(2633, 'RukanaI', 350, -1, -1),
(2634, 'RukanaII', 350, -1, -1),
(2635, 'Rukanda', 82, -1, -1),
(2636, 'Rukanu', 336, -1, -1),
(2637, 'Rukanya', 343, -1, -1),
(2638, 'Rukaragata', 373, -1, -1),
(2639, 'Rukere', 132, -1, -1),
(2640, 'Rukere', 257, -1, -1),
(2641, 'Rukiga', 231, -1, -1),
(2642, 'Rukina', 356, -1, -1),
(2644, 'Rukinga', 357, -1, -1),
(2645, 'Gakara', 128, -1, -1),
(2646, 'Rukinzo', 63, -1, -1),
(2647, 'Rukoba', 125, -1, -1),
(2648, 'RukobeI', 22, -1, -1),
(2649, 'RukobeII', 22, -1, -1),
(2650, 'Rukobe', 171, -1, -1),
(2651, 'Rukoki', 145, -1, -1),
(2652, 'Rukoma', 139, -1, -1),
(2653, 'Rukongwa', 320, -1, -1),
(2654, 'Rukoyoyo', 327, -1, -1),
(2655, 'Rukuba', 184, -1, -1),
(2656, 'Rukungere', 126, -1, -1),
(2657, 'Rukusha', 205, -1, -1),
(2658, 'Rukwega', 236, -1, -1),
(2659, 'Rumandari', 126, -1, -1),
(2660, 'Rumbaga', 355, -1, -1),
(2661, 'Centre Urbain', 357, -1, -1),
(2662, 'Rumonyi', 202, -1, -1),
(2663, 'Rumotomoto', 100, -1, -1),
(2664, 'Rumvya', 28, -1, -1),
(2665, 'RunaniraI&II', 177, -1, -1),
(2666, 'RunaniraIII', 177, -1, -1),
(2667, 'Runege', 35, -1, -1),
(2668, 'Rungazi', 127, -1, -1),
(2669, 'Runini', 144, -1, -1),
(2670, 'Runyeri', 11, -1, -1),
(2671, 'Runyinya', 132, -1, -1),
(2672, 'Runyinya', 247, -1, -1),
(2673, 'Runyinya', 276, -1, -1),
(2674, 'Runyoni', 272, -1, -1),
(2675, 'Runyonza', 70, -1, -1),
(2676, 'Rupfunda', 177, -1, -1),
(2677, 'Rurabo', 57, -1, -1),
(2678, 'Ruramba', 65, -1, -1),
(2679, 'Ruramba', 154, -1, -1),
(2680, 'Rurambira', 113, -1, -1),
(2681, 'Rurambira', 209, -1, -1),
(2682, 'Ruranga', 49, -1, -1),
(2683, 'Ruremba', 330, -1, -1),
(2684, 'Rurende', 263, -1, -1),
(2685, 'Rurengera', 379, -1, -1),
(2686, 'Ruringanizo', 141, -1, -1),
(2687, 'Ruringe', 242, -1, -1),
(2688, 'Rurira', 263, -1, -1),
(2689, 'Rurtyazo', 289, -1, -1),
(2690, 'Rusaga', 377, -1, -1),
(2691, 'Rusagara', 161, -1, -1),
(2693, 'Rusagara', 198, -1, -1),
(2694, 'Rusagara', 333, -1, -1),
(2695, 'Rusagara', 344, -1, -1),
(2696, 'Rusama', 371, -1, -1),
(2697, 'Rusamaza', 360, -1, -1),
(2698, 'Rusambi', 132, -1, -1),
(2699, 'Rusara', 27, -1, -1),
(2700, 'Rusasa', 204, -1, -1),
(2701, 'Rusave', 106, -1, -1),
(2702, 'Rusekabuye', 305, -1, -1),
(2703, 'Rusenda', 361, -1, -1),
(2704, 'Rusengo', 86, -1, -1),
(2705, 'Rusengo', 347, -1, -1),
(2706, 'Rusenyi', 375, -1, -1),
(2707, 'Rusha', 42, -1, -1),
(2708, 'Rushanga', 235, -1, -1),
(2709, 'Rushemeza', 240, -1, -1),
(2710, 'Rushemeza', 283, -1, -1),
(2711, 'Rusheri', 343, -1, -1),
(2712, 'Rushiha', 188, -1, -1),
(2713, 'Rushiha', 305, -1, -1),
(2714, 'Rushimabarimyi', 374, -1, -1),
(2715, 'Rushoka', 269, -1, -1),
(2716, 'Rushubi', 225, -1, -1),
(2717, 'Rushubi', 363, -1, -1),
(2718, 'Rushubije', 364, -1, -1),
(2719, 'Rusi', 365, -1, -1),
(2720, 'Rusiga', 72, -1, -1),
(2721, 'Rusimbuko', 89, -1, -1),
(2722, 'Rusivya', 154, -1, -1),
(2723, 'Rusororo', 173, -1, -1),
(2724, 'Rusovu', 76, -1, -1),
(2725, 'Rusunu', 272, -1, -1),
(2726, 'Rutabo', 263, -1, -1),
(2727, 'Rutake', 342, -1, -1),
(2728, 'Rutambiro', 147, -1, -1),
(2729, 'Rutambwe', 86, -1, -1),
(2730, 'Rutanga', 298, -1, -1),
(2731, 'Rutanganika', 260, -1, -1),
(2732, 'Rutega', 132, -1, -1),
(2733, 'Rutegama', 62, -1, -1),
(2734, 'Rutegama', 102, -1, -1),
(2735, 'Rutegama', 113, -1, -1),
(2736, 'Rutegama', 125, -1, -1),
(2737, 'Rutegama', 251, -1, -1),
(2738, 'Rutegama', 363, -1, -1),
(2739, 'Ruteme', 368, -1, -1),
(2740, 'Rutenderi', 91, -1, -1),
(2741, 'Rutimbura', 9, -1, -1),
(2742, 'Rutoke', 74, -1, -1),
(2743, 'Rutoke', 215, -1, -1),
(2744, 'Rutoke', 238, -1, -1),
(2745, 'Rutoke', 252, -1, -1),
(2746, 'Rutonganikwa', 9, -1, -1),
(2747, 'Rutonganikwa', 369, -1, -1),
(2748, 'Rutongo', 370, -1, -1),
(2749, 'Rutorero', 47, -1, -1),
(2750, 'Rutovu', 128, -1, -1),
(2751, 'Rutsindu', 254, -1, -1),
(2752, 'Rutumo', 214, -1, -1),
(2753, 'Rutundwe', 179, -1, -1),
(2754, 'Rutunga', 123, -1, -1),
(2755, 'Rutwenzi', 202, -1, -1),
(2756, 'Ruveri', 134, -1, -1),
(2757, 'Ruvomo', 261, -1, -1),
(2758, 'Ruvuga', 121, -1, -1),
(2759, 'Ruvumera', 173, -1, -1),
(2760, 'Ruvumera', 278, -1, -1),
(2761, 'Ruvumu', 1, -1, -1),
(2762, 'Ruvumu', 32, -1, -1),
(2763, 'Ruvumu', 37, -1, -1),
(2764, 'Ruvumu', 80, -1, -1),
(2765, 'Ruvumu', 130, -1, -1),
(2766, 'Ruvumu', 154, -1, -1),
(2767, 'Ruvumu', 184, -1, -1),
(2768, 'Ruvumu', 304, -1, -1),
(2769, 'Ruvyagira', 172, -1, -1),
(2770, 'Ruvyagira', 274, -1, -1),
(2771, 'Ruvyagira', 278, -1, -1),
(2772, 'Ruvyimvya', 280, -1, -1),
(2773, 'Ruyaga', 251, -1, -1),
(2774, 'Ruyaga', 263, -1, -1),
(2775, 'Ruyaga', 269, -1, -1),
(2776, 'Ruyaga', 369, -1, -1),
(2777, 'Ruyaga', 372, -1, -1),
(2778, 'Ruyenzi', 167, -1, -1),
(2779, 'Ruyigi', 373, -1, -1),
(2780, 'Ruyogoro', 144, -1, -1),
(2781, 'Ruyobera', 370, -1, -1),
(2782, 'Ruziba', 48, -1, -1),
(2783, 'Ruziba', 148, -1, -1),
(2784, 'Ruziba', 374, -1, -1),
(2785, 'Ruzibazi', 209, -1, -1),
(2786, 'Ruzira', 110, -1, -1),
(2787, 'Ruzo', 375, -1, -1),
(2788, 'Rwagongwe', 376, -1, -1),
(2790, 'Rwamabuye-Gikana', 245, -1, -1),
(2791, 'Rwamikore', 68, -1, -1),
(2792, 'Rwamvura', 161, -1, -1),
(2794, 'Rwamvurwe', 342, -1, -1),
(2795, 'Rwanda', 196, -1, -1),
(2796, 'Rwandagaro', 347, -1, -1),
(2797, 'Rwaniro', 255, -1, -1),
(2798, 'Rwankangoma', 279, -1, -1),
(2799, 'Rwankuba', 301, -1, -1),
(2800, 'Rwatsinda', 42, -1, -1),
(2801, 'Rwaya', 23, -1, -1),
(2802, 'Rwego', 179, -1, -1),
(2803, 'Rwegura', 376, -1, -1),
(2804, 'Rwesero.', 196, -1, -1),
(2805, 'Rweteto', 30, -1, -1),
(2806, 'Rweza', 114, -1, -1),
(2807, 'Rweza', 191, -1, -1),
(2808, 'Rweza', 252, -1, -1),
(2809, 'Rweza', 378, -1, -1),
(2810, 'Rwezamenyo', 198, -1, -1),
(2811, 'Rwibaga', 131, -1, -1),
(2812, 'Rwibikara', 111, -1, -1),
(2813, 'Rwimanzovu', 389, -1, -1),
(2814, 'Rwimbogo', 204, -1, -1),
(2815, 'Rwimbogo', 364, -1, -1),
(2816, 'Rwingiri', 11, -1, -1),
(2817, 'Rwingiri', 176, -1, -1),
(2818, 'Rwingoma', 23, -1, -1),
(2819, 'Rwintamba', 231, -1, -1),
(2820, 'Rwintare', 261, -1, -1),
(2821, 'Rwinyana', 32, -1, -1),
(2822, 'Rwizingwe', 333, -1, -1),
(2823, 'Rwuya', 98, -1, -1),
(2824, 'Rwuya', 211, -1, -1),
(2826, 'Ryamukona', 132, -1, -1),
(2827, 'Ryirengeye', 137, -1, -1),
(2828, 'Sagara', 160, -1, -1),
(2829, 'Sakinyinya', 199, -1, -1),
(2830, 'Sakinyonga', 88, -1, -1),
(2831, 'Sakonga', 370, -1, -1),
(2832, 'Samahuge', 324, -1, -1),
(2833, 'Samvura', 187, -1, -1),
(2834, 'Santunda', 383, -1, -1),
(2835, 'Sanzu', 74, -1, -1),
(2836, 'Saswe', 120, -1, -1),
(2837, 'Saswe', 154, -1, -1),
(2838, 'Sebeyi', 229, -1, -1),
(2839, 'Sehe', 206, -1, -1),
(2840, 'Senga', 62, -1, -1),
(2841, 'Shaka', 76, -1, -1),
(2842, 'Shanga', 369, -1, -1),
(2843, 'ShariI', 13, -1, -1),
(2844, 'ShariII', 13, -1, -1),
(2845, 'Shasha', 54, -1, -1),
(2846, 'Shatanya', 124, -1, -1),
(2847, 'Shembati', 309, -1, -1),
(2848, 'Shembe', 287, -1, -1),
(2849, 'Shikiro', 69, -1, -1),
(2850, 'Shimwe', 361, -1, -1),
(2851, 'Shinge', 120, -1, -1),
(2852, 'Shinya', 301, -1, -1),
(2853, 'Shombo', 365, -1, -1),
(2854, 'Shore', 383, -1, -1),
(2855, 'Shoza', 8, -1, -1),
(2856, 'Shoza', 126, -1, -1),
(2857, 'Shumba', 30, -1, -1),
(2858, 'Shurugumya', 336, -1, -1),
(2859, 'Sigi', 95, -1, -1),
(2860, 'Sigu', 321, -1, -1),
(2861, 'Simba', 198, -1, -1),
(2862, 'Siza', 112, -1, -1),
(2863, 'Songa', 384, -1, -1),
(2864, 'Songore', 132, -1, -1),
(2865, 'Sorero', 53, -1, -1),
(2866, 'Sororezo', 282, -1, -1),
(2867, 'Taba', 90, -1, -1),
(2868, 'Taba', 104, -1, -1),
(2869, 'Taba', 241, -1, -1),
(2870, 'Taba', 257, -1, -1),
(2871, 'Taba', 311, -1, -1),
(2872, 'Tangara', 50, -1, -1),
(2873, 'Tara', 140, -1, -1),
(2874, 'Tara', 371, -1, -1),
(2875, 'Tenga', 340, -1, -1),
(2876, 'Tondero', 348, -1, -1),
(2877, 'Tonga', 127, -1, -1),
(2878, 'Tongwe', 41, -1, -1),
(2879, 'Tye', 335, -1, -1),
(2880, 'Tura', 386, -1, -1),
(2881, 'Twinkwavu', 387, -1, -1),
(2882, 'Tyazo', 35, -1, -1),
(2883, 'Vugizo', 97, -1, -1),
(2884, 'Vumasi', 375, -1, -1),
(2885, 'Vumbi', 389, -1, -1),
(2886, 'Vyempa', 327, -1, -1),
(2887, 'Vyuya', 390, -1, -1),
(2888, 'Warubondo', 97, -1, -1),
(2889, 'Yandaro', 132, -1, -1),
(2890, 'Yanza', 264, -1, -1),
(2891, 'Yanza', 348, -1, -1),
(2892, 'Yengero', 371, -1, -1),
(2893, 'Yoba', 124, -1, -1),
(2894, 'Zeimet-O.U.A', 169, -1, -1),
(2895, 'Zina', 57, -1, -1),
(2896, 'Zingi-Nyaruyaga', 368, -1, -1),
(2897, 'Gatonde', 393, -1, -1),
(2898, 'Mazita', 393, -1, -1),
(2899, 'Ruvuma', 393, -1, -1),
(2900, 'NYENZI', 393, -1, -1),
(2901, 'Maramvya', 391, -1, -1),
(2902, 'Mbabazi', 391, -1, -1),
(2903, 'Ngugo', 391, -1, -1),
(2904, 'Rwandagaro', 391, -1, -1),
(2905, 'Nyarunazi', 391, -1, -1),
(2906, 'Taba', 391, -1, -1),
(2907, 'Rugwiza', 392, -1, -1),
(2908, 'Masama', 392, -1, -1),
(2909, 'Butamenwa', 392, -1, -1),
(2910, 'Ruhuma', 392, -1, -1),
(2911, 'Bibara', 394, -1, -1),
(2912, 'Mubaragaza', 394, -1, -1),
(2913, 'Nkubara', 394, -1, -1),
(2914, 'Rabiro', 394, -1, -1),
(2915, 'Sagara', 394, -1, -1),
(2916, 'Gisimbawaga', 395, -1, -1),
(2917, 'Gasera', 395, -1, -1),
(2918, 'Kibuye', 395, -1, -1),
(2919, 'Mutara', 395, -1, -1),
(2920, 'Kigoma', 395, -1, -1),
(2921, 'Yagizo', 395, -1, -1),
(2922, 'Gakungwe', 396, -1, -1),
(2923, 'Ramba', 396, -1, -1),
(2924, 'Mena', 396, -1, -1),
(2925, 'Kiremba', 396, -1, -1),
(2926, 'Kinyami', 314, -1, -1),
(2927, 'Kabere', 361, -1, -1),
(2928, 'Rugunga', 57, -1, -1),
(2929, 'Kivyeyi', 397, -1, -1),
(2930, 'Murambi', 397, -1, -1),
(2931, 'Matyazo', 397, -1, -1),
(2932, 'Nyagisozi', 397, -1, -1),
(2933, 'Musongati', 398, -1, -1),
(2934, 'kanyami', 398, -1, -1),
(2935, 'Gahweza', 398, -1, -1),
(2936, 'Ngara', 398, -1, -1),
(2937, 'Renga', 399, -1, -1),
(2938, 'Ruvumu', 399, -1, -1),
(2939, 'Kiganda', 399, -1, -1),
(2940, 'Rubumba', 399, -1, -1),
(2941, 'Kayange', 399, -1, -1),
(2942, 'Kanegwa', 399, -1, -1),
(2943, 'Burenza', 399, -1, -1),
(2944, 'Nkomwe', 399, -1, -1),
(2945, 'Kibungo', 120, -1, -1),
(2946, 'Buraza', 38, -1, -1),
(2947, 'Ndava', 38, -1, -1),
(2948, 'Gisura', 191, -1, -1),
(2949, 'Gitaramuka', 191, -1, -1),
(2950, 'Gikizi', 141, -1, -1),
(2951, 'Murenge', 377, -1, -1),
(2952, 'Mukoro', 16, -1, -1),
(2953, 'Kinanira IV', 266, -1, -1),
(2954, 'Kagoma', 219, -1, -1),
(2955, 'Munyika', 151, -1, -1),
(2956, 'Mbogora', 277, -1, -1),
(5000, 'Non listé\r\n', NULL, -1, -1);

-- --------------------------------------------------------

--
-- Table structure for table `communes`
--

CREATE TABLE `communes` (
  `COMMUNE_ID` int(11) NOT NULL,
  `COMMUNE_NAME` varchar(100) NOT NULL,
  `PROVINCE_ID` int(11) NOT NULL,
  `COMMUNE_LATITUDE` float NOT NULL DEFAULT -1,
  `COMMUNE_LONGITUDE` float NOT NULL DEFAULT -1
) ENGINE=InnoDB DEFAULT CHARSET=latin1;

--
-- Dumping data for table `communes`
--

INSERT INTO `communes` (`COMMUNE_ID`, `COMMUNE_NAME`, `PROVINCE_ID`, `COMMUNE_LATITUDE`, `COMMUNE_LONGITUDE`) VALUES
(1, 'BISORO', 14, -3.63616, 29.7077),
(2, 'BUBANZA', 1, -3.15724, 29.3715),
(3, 'BUGABIRA', 10, -2.5311, 30.0717),
(4, 'BUGANDA', 6, -2.96512, 29.1928),
(5, 'BUGARAMA', 16, -3.72266, 29.3155),
(6, 'BUGENDANA', 7, -3.25607, 29.934),
(7, 'BUGENYUZI', 8, -3.07874, 30.0606),
(8, 'BUHIGA', 8, -3.08549, 30.1876),
(9, 'BUHINYUZA', 13, -3.0261, 30.3623),
(10, 'BUKEMBA', 17, -4.0067, 30.0624),
(11, 'BUKEYE', 12, -3.19363, 29.6368),
(12, 'BUKINANYANA', 6, -2.87578, 29.3178),
(13, 'BUKIRASAZI', 7, -3.70177, 29.9668),
(14, 'BURAMBI', 16, -3.802, 29.4389),
(15, 'BURAZA', 7, -3.75613, 29.906),
(16, 'BURURI', 4, -3.94454, 29.6186),
(17, 'BUSIGA', 15, -2.85, 29.7447),
(18, 'BUSONI', 10, -2.5267, 30.2171),
(19, 'BUTAGANZWA', 9, -3.08393, 29.7286),
(20, 'BUTAGANZWA', 18, -3.5685, 30.138),
(21, 'BUTERERE', 3, -3.32983, 29.3272),
(22, 'BUTEZI', 18, -3.3937, 30.1549),
(23, 'BUTIHINDA', 13, -2.7165, 30.319),
(24, 'BUYENGERO', 16, -3.8146, 29.5426),
(25, 'BUYENZI', 3, -3.36911, 29.3591),
(26, 'BWAMBARANGWE', 10, -2.5832, 30.3344),
(27, 'BWERU', 18, -3.3229, 30.4706),
(28, 'BWIZA', 3, -3.45028, 29.3599),
(29, 'CANKUZO', 5, -3.2171, 30.551),
(30, 'CENDAJURU', 5, -3.28626, 30.602),
(31, 'CIBITOKE', 3, -3.34047, 29.371),
(33, 'GAHOMBO', 9, -3.0214, 29.7646),
(34, 'GASHIKANWA', 15, -2.9081, 29.8987),
(35, 'GASHOHO', 13, -2.8167, 30.1375),
(36, 'GASORWE', 13, -2.84883, 30.236),
(37, 'GATARA', 9, -2.98387, 29.6491),
(38, 'GIHANGA', 1, -3.19354, 29.3062),
(39, 'GIHARO', 17, -3.78045, 30.2352),
(40, 'GIHETA', 7, -3.33623, 29.882),
(41, 'GIHOGAZI', 8, -3.14103, 29.9802),
(42, 'GIHOSHA', 3, -3.35602, 29.3884),
(43, 'GISAGARA', 5, -3.20142, 30.735),
(44, 'GISHUBI', 7, -3.6153, 29.8902),
(45, 'GISOZI', 14, -3.56597, 29.6825),
(46, 'GISURU', 18, -3.4578, 30.5019),
(47, 'GITANGA', 17, -3.98235, 29.9176),
(48, 'GITARAMUKA', 8, -2.97503, 30.1632),
(49, 'GITEGA', 7, -3.4262, 29.933),
(50, 'GITERANYI', 13, -2.5173, 30.4586),
(51, 'GITOBE', 10, -2.6484, 30.2012),
(52, 'ISALE', 2, -3.34511, 29.4832),
(53, 'ITABA', 7, -3.60443, 30.0473),
(54, 'KABARORE', 9, -2.8497, 29.5408),
(55, 'KABEZI', 2, -3.53936, 29.3599),
(56, 'KAMENGE', 3, -3.34496, 29.3863),
(57, 'KANYOSHA MAIRIE', 3, -3.43097, 29.4153),
(58, 'KANYOSHA', 2, -3.34047, 29.3539),
(59, 'KAYANZA', 9, -2.91792, 29.6321),
(60, 'KAYOGORO', 11, -4.1181, 29.9464),
(61, 'KAYOKWE', 14, -3.5291, 29.7398),
(62, 'KIBAGO', 11, -4.2716, 29.8498),
(63, 'KIGAMBA', 5, -3.05242, 30.4818),
(64, 'KINAMA', 3, -3.32741, 29.3847),
(65, 'KININDO', 3, -3.40786, 29.3553),
(66, 'KINYINYA', 18, -3.6575, 30.343),
(67, 'KIREMBA', 15, -2.8195, 29.9818),
(68, 'KIRUNDO', 10, -2.5854, 30.0933),
(69, 'MABANDA', 11, -4.2762, 29.7738),
(70, 'MABAYI', 6, -2.715, 29.2444),
(71, 'MAKAMBA', 11, -4.13479, 29.8046),
(72, 'MAKEBUKO', 7, -3.57236, 29.9666),
(73, 'MARANGARA', 15, -2.7424, 29.9941),
(74, 'MATANA', 4, -3.73167, 29.7194),
(75, 'MATONGO', 9, -3.06054, 29.6106),
(76, 'MBUYE', 12, -3.2301, 29.721),
(77, 'MISHIHA', 5, -3.06187, 30.735),
(78, 'MPANDA', 1, -3.17114, 29.4041),
(79, 'MPINGA-KAYOVE', 17, -3.7967, 30.1555),
(80, 'MUBIMBI', 2, -3.2843, 29.497),
(81, 'MUGAMBA', 4, -3.66536, 29.5804),
(82, 'MUGINA', 6, -2.75422, 29.1085),
(83, 'MUGONGO-MANGA', 2, -3.45326, 29.534),
(84, 'MUHANGA', 9, -3.02822, 29.8327),
(85, 'MUHUTA', 16, -3.61587, 29.3933),
(86, 'MUKIKE', 2, -3.56002, 29.534),
(87, 'MURAMVYA', 12, -3.24012, 29.6172),
(88, 'MURUTA', 9, -2.92785, 29.5934),
(89, 'MURWI', 6, -2.89753, 29.2088),
(90, 'MUSAGA', 3, -3.40844, 29.383),
(91, 'MUSIGATI', 1, -3.03023, 29.4876),
(92, 'MUSONGATI', 17, -3.7275, 30.0929),
(93, 'MUTAHO', 7, -3.14488, 29.8665),
(94, 'MUTAMBU', 2, -3.58747, 29.3555),
(95, 'MUTIMBUZI', 2, -3.29039, 29.3599),
(96, 'MUYINGA', 13, -2.84414, 30.3418),
(97, 'MWAKIRO', 13, -3.1306, 30.2909),
(98, 'MWUMBA', 15, -2.82212, 29.8012),
(99, 'NDAVA', 14, -3.3785, 29.78),
(100, 'NGAGARA', 3, -3.35756, 29.3621),
(101, 'NGOZI', 15, -2.90515, 29.8085),
(102, 'NTEGA', 10, -2.608, 29.9937),
(103, 'NYABIHANGA', 14, -3.4694, 29.8081),
(104, 'NYABIRABA', 2, -3.44635, 29.476),
(105, 'NYABITSINDA', 18, -3.5387, 30.2742),
(106, 'NYAKABIGA', 3, -3.38339, 29.3657),
(107, 'NYAMURENZA', 15, -2.8246, 29.8651),
(108, 'NYANZA-LAC', 11, -4.3385, 29.6046),
(109, 'NYARUSANGE', 7, -3.56808, 29.8302),
(110, 'RANGO', 9, -3.11865, 29.7569),
(111, 'ROHERO', 3, -3.34479, 29.3918),
(112, 'RUGAZI', 1, -3.20664, 29.4876),
(113, 'RUGOMBO', 6, -2.81648, 29.0794),
(114, 'RUHORORO', 15, -3.0519, 29.8857),
(115, 'RUMONGE', 16, -3.9746, -3.9746),
(116, 'RUSAKA', 14, -3.4403, 29.6314),
(117, 'RUTANA', 17, -3.9264, 29.9905),
(118, 'RUTEGAMA', 12, -3.3039, 29.7491),
(119, 'RUTOVU', 4, -3.90516, 29.8584),
(120, 'RUYIGI', 18, -3.4734, 30.2501),
(121, 'RYANSORO', 7, -3.70727, 29.7988),
(122, 'SHOMBO', 8, -3.28524, 30.0539),
(123, 'SONGA', 4, -3.85593, 29.7426),
(124, 'TANGARA', 15, -2.91414, 30.0573),
(125, 'VUGIZO', 11, -4.13479, 29.8046),
(126, 'VUMBI', 10, -2.6978, 30.1042),
(127, 'VYANDA', 4, -4.10708, 29.6079),
(128, 'NYABIKERE', 8, -3.26466, 30.1412),
(129, 'KIGANDA', 12, -3.3451, 29.6874),
(130, 'MUTUMBA', 8, -3.20211, 30.2425),
(131, 'NTAHANGWA', 3, -3.36187, 29.3936),
(132, 'MUHA', 3, -1, -1),
(133, 'MUKAZA', 3, -1, -1),
(134, 'MUKAZA-NTARE', 19, -1, -1);

-- --------------------------------------------------------

--
-- Table structure for table `etat_civil`
--

CREATE TABLE `etat_civil` (
  `ETAT_CIVIL_ID` int(11) NOT NULL,
  `DESCRIPTION` varchar(50) NOT NULL
) ENGINE=InnoDB DEFAULT CHARSET=utf8mb4;

--
-- Dumping data for table `etat_civil`
--

INSERT INTO `etat_civil` (`ETAT_CIVIL_ID`, `DESCRIPTION`) VALUES
(1, 'Célibataire'),
(2, 'Marié(e)'),
(3, 'Divorcé(e)'),
(4, 'Veuf(ve)');

-- --------------------------------------------------------

--
-- Table structure for table `hobbies`
--

CREATE TABLE `hobbies` (
  `ID_HOBBY` int(11) NOT NULL,
  `HOBBY` varchar(50) NOT NULL
) ENGINE=InnoDB DEFAULT CHARSET=utf8mb4;

--
-- Dumping data for table `hobbies`
--

INSERT INTO `hobbies` (`ID_HOBBY`, `HOBBY`) VALUES
(1, 'Blogging'),
(2, 'Learning a new language.'),
(3, 'Vacation planning'),
(4, 'Gardening'),
(5, 'Staying informed');

-- --------------------------------------------------------

--
-- Table structure for table `identite`
--

CREATE TABLE `identite` (
  `IDENTITE_ID` int(11) NOT NULL,
  `NOM` varchar(50) NOT NULL,
  `SEXE_ID` int(11) NOT NULL,
  `ETAT_CIVIL_ID` int(11) NOT NULL,
  `COLLINE_ID` int(11) NOT NULL
) ENGINE=InnoDB DEFAULT CHARSET=utf8mb4;

-- --------------------------------------------------------

--
-- Table structure for table `identite_hobby`
--

CREATE TABLE `identite_hobby` (
  `IDENTITE_HOBBY_ID` int(11) NOT NULL,
  `ID_HOBBY` int(11) NOT NULL,
  `IDENTITE_ID` int(11) NOT NULL
) ENGINE=InnoDB DEFAULT CHARSET=utf8mb4;

-- --------------------------------------------------------

--
-- Table structure for table `precedentes_lieux_habitations`
--

CREATE TABLE `precedentes_lieux_habitations` (
  `PRECEDENTE_LIEU_ID` int(11) NOT NULL,
  `COLLINE_ID` int(11) NOT NULL,
  `IDENTITE_ID` int(11) NOT NULL
) ENGINE=InnoDB DEFAULT CHARSET=utf8mb4;

-- --------------------------------------------------------

--
-- Table structure for table `provinces`
--

CREATE TABLE `provinces` (
  `PROVINCE_ID` int(11) NOT NULL,
  `PROVINCE_NAME` varchar(100) NOT NULL,
  `PROVINCE_LATITUDE` varchar(50) NOT NULL DEFAULT '-1',
  `PROVINCE_LONGITUDE` varchar(50) NOT NULL DEFAULT '-1'
) ENGINE=InnoDB DEFAULT CHARSET=latin1;

--
-- Dumping data for table `provinces`
--

INSERT INTO `provinces` (`PROVINCE_ID`, `PROVINCE_NAME`, `PROVINCE_LATITUDE`, `PROVINCE_LONGITUDE`) VALUES
(1, 'Bubanza', '-3.08459', '29.3948'),
(2, 'Bujumbura', '-3.34607', '29.4835'),
(3, 'Bujumbura Mairie', '-3.3931005', '29.3690935'),
(4, 'BURURI', '-3.94794', '29.6169'),
(5, 'CANKUZO', '-3.14362', '30.2973'),
(6, 'CIBITOKE', '-2.84977', '28.9592'),
(7, 'GITEGA', '-3.43143', '29.9079'),
(8, 'KARUSI', '-3.14937', '29.8351'),
(9, 'KAYANZA', '-3.01417', '29.3533'),
(10, 'KIRUNDO', '-2.55596', '29.8933'),
(11, 'MAKAMBA', '-4.20607', '29.5075'),
(12, 'Muramvya', '-3.26797', '29.6152'),
(13, 'Muyinga', '-2.84551', '30.3337'),
(14, 'Mwaro', '-3.51254', '29.693'),
(15, 'Ngozi', '-2.90847', '29.8057'),
(16, 'Rumonge', '-3.97226', '29.4305'),
(17, 'Rutana', '-3.92546', '29.9823'),
(18, 'Ruyigi', '-3.47421', '30.2379'),
(19, 'NTARE', '-3.47421', '30.2379');

-- --------------------------------------------------------

--
-- Table structure for table `sexe`
--

CREATE TABLE `sexe` (
  `SEXE_ID` int(11) NOT NULL,
  `SEXE_DESCR` varchar(50) NOT NULL
) ENGINE=InnoDB DEFAULT CHARSET=utf8mb4;

--
-- Dumping data for table `sexe`
--

INSERT INTO `sexe` (`SEXE_ID`, `SEXE_DESCR`) VALUES
(1, 'Homme'),
(2, 'Féminin');

-- --------------------------------------------------------

--
-- Table structure for table `zones`
--

CREATE TABLE `zones` (
  `ZONE_ID` int(11) NOT NULL,
  `ZONE_NAME` varchar(100) NOT NULL,
  `COMMUNE_ID` int(11) NOT NULL,
  `LATITUDE` float NOT NULL DEFAULT -1,
  `LONGITUDE` float NOT NULL DEFAULT -1
) ENGINE=InnoDB DEFAULT CHARSET=latin1;

--
-- Dumping data for table `zones`
--

INSERT INTO `zones` (`ZONE_ID`, `ZONE_NAME`, `COMMUNE_ID`, `LATITUDE`, `LONGITUDE`) VALUES
(1, 'Bamba', 16, -1, -1),
(2, 'Banga', 75, -1, -1),
(3, 'Baziro', 51, -1, -1),
(4, 'Benga', 52, -1, -1),
(5, 'Bigina', 60, -1, -1),
(6, 'Bikanka', 86, -1, -1),
(7, 'Binyuro', 127, -1, -1),
(8, 'Birambi', 107, -1, -1),
(9, 'Bisinde', 120, -1, -1),
(10, 'Bisoro', 1, -1, -1),
(11, 'Bitare', 6, -1, -1),
(12, 'Biyorwa', 20, -1, -1),
(13, 'Bubanza', 2, -1, -1),
(14, 'Bugarama', 5, -1, -1),
(15, 'Bugarama', 87, -1, -1),
(16, 'Bugendana', 6, -1, -1),
(17, 'Bugenyuzi', 7, -1, -1),
(18, 'Bugina', 67, -1, -1),
(19, 'Bugorora', 26, -1, -1),
(20, 'Buhangura', 76, -1, -1),
(21, 'Buhayira', 89, -1, -1),
(22, 'Buhevyi', 53, -1, -1),
(23, 'Buhiga', 8, -1, -1),
(24, 'Buhindo', 89, -1, -1),
(25, 'Buhinyuza', 8, -1, -1),
(26, 'Buhinyuza', 9, -1, -1),
(27, 'Buhoro', 26, -1, -1),
(28, 'Buhoro', 70, -1, -1),
(29, 'Bukemba', 10, -1, -1),
(30, 'Bukeye', 11, -1, -1),
(31, 'Bukeye', 62, -1, -1),
(32, 'Bukirasazi', 13, -1, -1),
(33, 'Bukoro', 109, -1, -1),
(34, 'Bukuba', 126, -1, -1),
(35, 'Bumba', 12, -1, -1),
(36, 'Burambira', 35, -1, -1),
(37, 'Burarana', 75, -1, -1),
(38, 'Buraza', 15, -1, -1),
(39, 'Buringa', 38, -1, -1),
(40, 'Buruhukiro', 115, -1, -1),
(41, 'Bururi', 16, -1, -1),
(42, 'Busangana', 11, -1, -1),
(43, 'Busenge', 85, -1, -1),
(44, 'Buseruko', 82, -1, -1),
(45, 'Busoro', 27, -1, -1),
(46, 'Butaganzwa', 19, -1, -1),
(47, 'Butahana', 70, -1, -1),
(48, 'Butanuka', 78, -1, -1),
(49, 'Butare', 10, -1, -1),
(50, 'Butarugera', 23, -1, -1),
(51, 'Buterere', 21, -1, -1),
(52, 'Butezi', 15, -1, -1),
(53, 'Butezi', 22, -1, -1),
(54, 'Butezi', 39, -1, -1),
(55, 'Butihinda', 23, -1, -1),
(56, 'Buvimbi', 23, -1, -1),
(57, 'Buvyuko', 2, -1, -1),
(58, 'Buye', 98, -1, -1),
(59, 'Buyenzi', 25, -1, -1),
(60, 'Buziracanda', 99, -1, -1),
(61, 'Buzirasazi', 89, -1, -1),
(62, 'Bwagiriza', 22, -1, -1),
(63, 'Bwasare', 36, -1, -1),
(64, 'Bwiza', 28, -1, -1),
(65, 'Camazi', 43, -1, -1),
(66, 'Cankuzo', 29, -1, -1),
(67, 'Cendajuru', 30, -1, -1),
(68, 'Cendajuru', 126, -1, -1),
(69, 'Centre Urbain', 101, -1, -1),
(70, 'Cewe', 68, -1, -1),
(71, 'Cibitoke', 31, -1, -1),
(72, 'Cibitoke', 113, -1, -1),
(73, 'Cindonyi', 73, -1, -1),
(74, 'Condi', 119, -1, -1),
(75, 'Cumba', 96, -1, -1),
(76, 'Dunga', 60, -1, -1),
(77, 'Gahabura', 12, -1, -1),
(78, 'Gaheta', 110, -1, -1),
(79, 'Gahombo', 33, -1, -1),
(80, 'Gakere', 67, -1, -1),
(81, 'Gakungu', 39, -1, -1),
(82, 'Gasanda', 16, -1, -1),
(83, 'Gasave', 9, -1, -1),
(84, 'Gasenyi', 4, -1, -1),
(85, 'Gasezerwa', 124, -1, -1),
(86, 'Gashikanwa', 34, -1, -1),
(87, 'Gashoho', 35, -1, -1),
(88, 'Gasibe', 74, -1, -1),
(89, 'Gasorwe', 36, -1, -1),
(90, 'Gasura', 76, -1, -1),
(91, 'Gatabo', 60, -1, -1),
(92, 'Gatara', 37, -1, -1),
(93, 'Gatare', 18, -1, -1),
(94, 'Gatete', 115, -1, -1),
(95, 'Gatobo', 34, -1, -1),
(96, 'Gatsinda', 98, -1, -1),
(97, 'Gatumba', 95, -1, -1),
(98, 'Gatwe', 61, -1, -1),
(99, 'Gihamagara', 53, -1, -1),
(100, 'Gihanga', 38, -1, -1),
(101, 'Giharo', 39, -1, -1),
(102, 'Giheta', 40, -1, -1),
(103, 'Giheta', 73, -1, -1),
(104, 'Gihogazi', 41, -1, -1),
(105, 'Gihosha', 42, -1, -1),
(106, 'Gikomero', 110, -1, -1),
(107, 'Gikuyo', 68, -1, -1),
(108, 'Gisagara', 43, -1, -1),
(109, 'Gisanze', 35, -1, -1),
(110, 'Gisarenda', 74, -1, -1),
(111, 'Gisenyi', 18, -1, -1),
(112, 'Gisenyi', 71, -1, -1),
(113, 'Gishiha', 125, -1, -1),
(114, 'Gisozi', 45, -1, -1),
(115, 'Gistiro', 127, -1, -1),
(116, 'Gisuru', 46, -1, -1),
(117, 'Gitaba', 71, -1, -1),
(118, 'Gitaba', 117, -1, -1),
(119, 'Gitanga', 47, -1, -1),
(120, 'Gitanga', 63, -1, -1),
(121, 'Gitara', 69, -1, -1),
(122, 'Gitaramuka', 48, -1, -1),
(123, 'Gitaza', 85, -1, -1),
(124, 'Gitega-C.Urbain', 49, -1, -1),
(125, 'Gitega-Rural', 49, -1, -1),
(126, 'Giteranyi', 50, -1, -1),
(127, 'Gitobe', 51, -1, -1),
(128, 'Gomvyi', 94, -1, -1),
(129, 'Itaba', 53, -1, -1),
(130, 'Jarama', 9, -1, -1),
(131, 'Jenda', 83, -1, -1),
(132, 'Jene', 54, -1, -1),
(133, 'Kabanga', 40, -1, -1),
(134, 'Kabanga', 66, -1, -1),
(135, 'Kabarore', 54, -1, -1),
(136, 'Kabonga', 108, -1, -1),
(137, 'Kabuye', 59, -1, -1),
(138, 'Kabuye', 71, -1, -1),
(139, 'Kabuye', 75, -1, -1),
(140, 'Kabuye', 110, -1, -1),
(141, 'Kajondi', 119, -1, -1),
(142, 'Kamaramagambo', 23, -1, -1),
(143, 'Kamenge', 56, -1, -1),
(144, 'Kananira', 124, -1, -1),
(145, 'Kangozi', 13, -1, -1),
(146, 'Kanka', 1, -1, -1),
(147, 'Kankima', 83, -1, -1),
(148, 'Kanyosha', 57, -1, -1),
(149, 'Kavumu', 121, -1, -1),
(150, 'Kayanza', 59, -1, -1),
(151, 'Kayero', 79, -1, -1),
(152, 'Kayogoro', 60, -1, -1),
(153, 'Kayogoro', 69, -1, -1),
(154, 'Kayokwe', 61, -1, -1),
(155, 'Kayongozi', 27, -1, -1),
(156, 'Kazirabageni', 108, -1, -1),
(157, 'Kibago', 62, -1, -1),
(158, 'Kibezi', 81, -1, -1),
(159, 'Kibungere', 103, -1, -1),
(160, 'Kibuye', 52, -1, -1),
(161, 'Kigamba', 63, -1, -1),
(162, 'Kigina', 3, -1, -1),
(163, 'Kigina', 104, -1, -1),
(164, 'Kigoma', 3, -1, -1),
(165, 'Kiguhu', 79, -1, -1),
(166, 'Kigwena', 115, -1, -1),
(167, 'Kimeza', 26, -1, -1),
(168, 'Kinama', 64, -1, -1),
(169, 'Kinindo', 65, -1, -1),
(170, 'Kinyinya', 66, -1, -1),
(171, 'Kinzanza', 47, -1, -1),
(172, 'Kirambi', 27, -1, -1),
(173, 'Kiramira', 113, -1, -1),
(174, 'Kiremba', 36, -1, -1),
(175, 'Kiremba', 67, -1, -1),
(176, 'Kiriba', 40, -1, -1),
(177, 'Kirundo/C.Urbain', 68, -1, -1),
(178, 'Kirundo-Rural', 68, -1, -1),
(179, 'Kiryama', 123, -1, -1),
(180, 'Kivumu', 81, -1, -1),
(181, 'Kivyuka', 91, -1, -1),
(182, 'Kiyange', 62, -1, -1),
(183, 'Kiyanza', 97, -1, -1),
(184, 'Kiyenzi', 58, -1, -1),
(185, 'Kiyonza', 3, -1, -1),
(186, 'Kizuka', 115, -1, -1),
(187, 'Mabanda', 69, -1, -1),
(188, 'Mabayi', 70, -1, -1),
(189, 'Magara', 5, -1, -1),
(190, 'Mageyo', 80, -1, -1),
(191, 'Mahonda', 15, -1, -1),
(192, 'Mahwa', 121, -1, -1),
(193, 'Makaba', 101, -1, -1),
(194, 'Makamba', 71, -1, -1),
(195, 'Makamba', 116, -1, -1),
(196, 'Makebuko', 72, -1, -1),
(197, 'Maramvya', 14, -1, -1),
(198, 'Maramvya', 72, -1, -1),
(199, 'Maramvya', 84, -1, -1),
(200, 'Maramvya', 95, -1, -1),
(201, 'Marangara', 73, -1, -1),
(202, 'Mariza', 14, -1, -1),
(203, 'Martyazo', 80, -1, -1),
(204, 'Masabo', 7, -1, -1),
(205, 'Masaka', 50, -1, -1),
(206, 'Masango', 12, -1, -1),
(207, 'Matana', 74, -1, -1),
(208, 'Matara', 104, -1, -1),
(209, 'Mayuyu', 86, -1, -1),
(210, 'Mbirizi', 37, -1, -1),
(211, 'Mbuye', 76, -1, -1),
(212, 'Migera', 55, -1, -1),
(213, 'Mihigo', 17, -1, -1),
(214, 'Minago', 115, -1, -1),
(215, 'Minyare', 29, -1, -1),
(216, 'Mitakataka', 2, -1, -1),
(217, 'Mivo', 101, -1, -1),
(218, 'Mparamirundi', 17, -1, -1),
(219, 'Mpinga', 79, -1, -1),
(220, 'Mpinga', 125, -1, -1),
(221, 'Mubanga', 114, -1, -1),
(222, 'Mubavu', 27, -1, -1),
(223, 'Mubimbi', 80, -1, -1),
(224, 'Mubira', 22, -1, -1),
(225, 'Mubogora', 84, -1, -1),
(226, 'Mubone', 55, -1, -1),
(227, 'Mubuga', 49, -1, -1),
(228, 'Mubuga', 101, -1, -1),
(229, 'Mudende', 24, -1, -1),
(230, 'Mugano', 50, -1, -1),
(231, 'Mugaruro', 44, -1, -1),
(232, 'Mugege', 20, -1, -1),
(233, 'Mugendo', 102, -1, -1),
(234, 'Mugeni', 60, -1, -1),
(235, 'Mugera', 6, -1, -1),
(236, 'Mugera', 77, -1, -1),
(237, 'Mugomera', 101, -1, -1),
(238, 'Mugondo', 79, -1, -1),
(239, 'Mugongo', 83, -1, -1),
(240, 'Muhanga', 84, -1, -1),
(241, 'Muheka', 123, -1, -1),
(242, 'Muhuta', 85, -1, -1),
(243, 'Muhwazi', 105, -1, -1),
(244, 'Muhweza', 29, -1, -1),
(245, 'Muhweza', 119, -1, -1),
(246, 'Mukenke', 26, -1, -1),
(247, 'Mukerrwa', 18, -1, -1),
(248, 'Mukungu', 108, -1, -1),
(249, 'Munagano', 96, -1, -1),
(250, 'Munago', 103, -1, -1),
(251, 'Munanira', 41, -1, -1),
(252, 'Mungwa', 49, -1, -1),
(253, 'Munini', 16, -1, -1),
(254, 'Munzenze', 77, -1, -1),
(255, 'Murago', 14, -1, -1),
(256, 'Muramba', 2, -1, -1),
(257, 'Muramba', 81, -1, -1),
(258, 'Murambi', 109, -1, -1),
(259, 'Muramvya', 87, -1, -1),
(260, 'Murenda', 72, -1, -1),
(261, 'Murima', 59, -1, -1),
(262, 'Muriza', 20, -1, -1),
(263, 'Murore', 18, -1, -1),
(264, 'Muruta', 88, -1, -1),
(265, 'Murwi', 89, -1, -1),
(266, 'Musaga', 90, -1, -1),
(267, 'Musasa', 67, -1, -1),
(268, 'Musenyi', 78, -1, -1),
(269, 'Musenyi', 124, -1, -1),
(270, 'Mushikamo', 118, -1, -1),
(271, 'Musigati', 91, -1, -1),
(272, 'Musongati', 92, -1, -1),
(273, 'Mutaho', 93, -1, -1),
(274, 'Mutambu', 94, -1, -1),
(275, 'Mutoyi', 6, -1, -1),
(276, 'Muyama', 24, -1, -1),
(277, 'Muyange', 103, -1, -1),
(278, 'Muyange', 108, -1, -1),
(279, 'Muyebe', 61, -1, -1),
(280, 'Muyebe', 91, -1, -1),
(281, 'Muyinga', 96, -1, -1),
(282, 'Muyira', 58, -1, -1),
(283, 'Muzenga', 16, -1, -1),
(284, 'Muzenga', 24, -1, -1),
(285, 'Muzenga', 119, -1, -1),
(286, 'Muzinda', 112, -1, -1),
(287, 'Muzye', 39, -1, -1),
(288, 'Mwakiro', 97, -1, -1),
(289, 'Mwaro', 61, -1, -1),
(290, 'Mwumba', 81, -1, -1),
(291, 'Mwumba', 98, -1, -1),
(292, 'Ndago', 123, -1, -1),
(293, 'Ndava', 4, -1, -1),
(294, 'Ndava', 99, -1, -1),
(295, 'Ndemeka', 46, -1, -1),
(296, 'Ndora', 12, -1, -1),
(297, 'Ngagara', 100, -1, -1),
(298, 'Ngoma', 34, -1, -1),
(299, 'Ngoma', 89, -1, -1),
(300, 'Ngoma', 92, -1, -1),
(301, 'Ngoro', 37, -1, -1),
(302, 'Ngozi-Rural', 101, -1, -1),
(303, 'Ninga', 19, -1, -1),
(304, 'Nkonge', 88, -1, -1),
(305, 'Ntamba', 91, -1, -1),
(306, 'Ntega', 102, -1, -1),
(307, 'Ntunda', 48, -1, -1),
(308, 'Nyabibondo', 104, -1, -1),
(309, 'Nyabibuye', 19, -1, -1),
(310, 'Nyabibuye', 122, -1, -1),
(311, 'Nyabihanga', 103, -1, -1),
(312, 'Nyabihogo', 59, -1, -1),
(313, 'Nyabiraba', 44, -1, -1),
(314, 'Nyabiraba', 104, -1, -1),
(315, 'Nyabitanga', 44, -1, -1),
(316, 'Nyabitare', 46, -1, -1),
(317, 'Nyabitsinda', 105, -1, -1),
(318, 'Nyagasasa', 81, -1, -1),
(319, 'Nyagatovu', 35, -1, -1),
(320, 'Nyagatovu', 124, -1, -1),
(321, 'Nyagisozi', 18, -1, -1),
(322, 'Nyakabiga', 106, -1, -1),
(323, 'Nyakararo', 45, -1, -1),
(324, 'Nyakuguma', 47, -1, -1),
(325, 'Nyamakarabo', 82, -1, -1),
(326, 'Nyambuye', 52, -1, -1),
(327, 'Nyamugari', 30, -1, -1),
(328, 'Nyamugari', 73, -1, -1),
(329, 'Nyamurenza', 107, -1, -1),
(330, 'Nyange', 71, -1, -1),
(331, 'Nyanza-Lac', 108, -1, -1),
(332, 'Nyarucamo', 11, -1, -1),
(333, 'Nyaruhinda', 48, -1, -1),
(334, 'Nyarurambi', 122, -1, -1),
(335, 'Nyarusange', 109, -1, -1),
(336, 'Nzewe', 33, -1, -1),
(337, 'Rango', 110, -1, -1),
(338, 'Rohero', 111, -1, -1),
(339, 'Rorero', 1, -1, -1),
(340, 'Rubirizi', 95, -1, -1),
(341, 'Rubona', 82, -1, -1),
(342, 'Ruce', 112, -1, -1),
(343, 'Rugabano', 97, -1, -1),
(344, 'Rugajo', 82, -1, -1),
(345, 'Ruganza', 75, -1, -1),
(346, 'Rugari', 96, -1, -1),
(347, 'Rugazi', 7, -1, -1),
(348, 'Rugazi', 54, -1, -1),
(349, 'Rugazi', 112, -1, -1),
(350, 'Rugombo', 113, -1, -1),
(351, 'Rugongo', 20, -1, -1),
(352, 'Ruhororo', 70, -1, -1),
(353, 'Ruhororo', 114, -1, -1),
(354, 'Rukaramu', 95, -1, -1),
(355, 'Rukeco', 17, -1, -1),
(356, 'Rukina', 86, -1, -1),
(357, 'Rumonge', 115, -1, -1),
(358, 'Rusabagi', 14, -1, -1),
(359, 'Rusaka', 116, -1, -1),
(360, 'Rusamaza', 41, -1, -1),
(361, 'Rusenda', 12, -1, -1),
(362, 'Rusengo', 120, -1, -1),
(363, 'Rushubi', 52, -1, -1),
(364, 'Rushubije', 102, -1, -1),
(365, 'Rusi', 122, -1, -1),
(366, 'Rutana', 117, -1, -1),
(367, 'Rutegama', 118, -1, -1),
(368, 'Ruteme', 5, -1, -1),
(369, 'Rutonganikwa', 8, -1, -1),
(370, 'Rutongo', 85, -1, -1),
(371, 'Ruvumu', 123, -1, -1),
(372, 'Ruyaga', 58, -1, -1),
(373, 'Ruyigi', 120, -1, -1),
(374, 'Ruziba', 82, -1, -1),
(375, 'Ruzo', 50, -1, -1),
(376, 'Rwegura', 88, -1, -1),
(377, 'Rweza', 121, -1, -1),
(378, 'Rweza', 127, -1, -1),
(379, 'Rwisabi', 93, -1, -1),
(380, 'Ryarusera', 87, -1, -1),
(381, 'Shanga', 92, -1, -1),
(382, 'Shombo', 87, -1, -1),
(383, 'Shore', 51, -1, -1),
(384, 'Songa', 123, -1, -1),
(385, 'Tangara', 124, -1, -1),
(386, 'Tuza', 50, -1, -1),
(387, 'Twinkwavu', 30, -1, -1),
(388, 'Vugizo', 125, -1, -1),
(389, 'Vumbi', 126, -1, -1),
(390, 'Vyuya', 81, -1, -1),
(391, 'BUHWANYA', 134, -1, -1),
(392, 'BUGESERA', 134, -1, -1),
(393, 'BURUNGA', 134, -1, -1),
(394, 'NTWARI', 134, -1, -1),
(395, 'RUGAMBA', 134, -1, -1),
(396, 'RUSHATSI', 134, -1, -1),
(397, 'MBIKIJE', 134, -1, -1),
(398, 'MUTAGA', 134, -1, -1),
(399, 'MWEZI', 123, -1, -1),
(400, 'NTARE', 134, -1, -1);

--
-- Indexes for dumped tables
--

--
-- Indexes for table `collines`
--
ALTER TABLE `collines`
  ADD PRIMARY KEY (`COLLINE_ID`),
  ADD KEY `ZONE_ID` (`ZONE_ID`);

--
-- Indexes for table `communes`
--
ALTER TABLE `communes`
  ADD PRIMARY KEY (`COMMUNE_ID`),
  ADD KEY `PROVINCE_ID` (`PROVINCE_ID`);

--
-- Indexes for table `etat_civil`
--
ALTER TABLE `etat_civil`
  ADD PRIMARY KEY (`ETAT_CIVIL_ID`);

--
-- Indexes for table `hobbies`
--
ALTER TABLE `hobbies`
  ADD PRIMARY KEY (`ID_HOBBY`);

--
-- Indexes for table `identite`
--
ALTER TABLE `identite`
  ADD PRIMARY KEY (`IDENTITE_ID`),
  ADD KEY `SEXE_ID` (`SEXE_ID`),
  ADD KEY `ETAT_CIVIL_ID` (`ETAT_CIVIL_ID`),
  ADD KEY `COLLINE_ID` (`COLLINE_ID`);

--
-- Indexes for table `identite_hobby`
--
ALTER TABLE `identite_hobby`
  ADD PRIMARY KEY (`IDENTITE_HOBBY_ID`),
  ADD KEY `IDENTITE_ID` (`IDENTITE_ID`),
  ADD KEY `ID_HOBBY` (`ID_HOBBY`);

--
-- Indexes for table `precedentes_lieux_habitations`
--
ALTER TABLE `precedentes_lieux_habitations`
  ADD PRIMARY KEY (`PRECEDENTE_LIEU_ID`),
  ADD KEY `IDENTITE_ID` (`IDENTITE_ID`),
  ADD KEY `COLLINE_ID` (`COLLINE_ID`);

--
-- Indexes for table `provinces`
--
ALTER TABLE `provinces`
  ADD PRIMARY KEY (`PROVINCE_ID`);

--
-- Indexes for table `sexe`
--
ALTER TABLE `sexe`
  ADD PRIMARY KEY (`SEXE_ID`);

--
-- Indexes for table `zones`
--
ALTER TABLE `zones`
  ADD PRIMARY KEY (`ZONE_ID`),
  ADD KEY `COMMUNE_ID` (`COMMUNE_ID`);

--
-- AUTO_INCREMENT for dumped tables
--

--
-- AUTO_INCREMENT for table `etat_civil`
--
ALTER TABLE `etat_civil`
  MODIFY `ETAT_CIVIL_ID` int(11) NOT NULL AUTO_INCREMENT, AUTO_INCREMENT=5;

--
-- AUTO_INCREMENT for table `hobbies`
--
ALTER TABLE `hobbies`
  MODIFY `ID_HOBBY` int(11) NOT NULL AUTO_INCREMENT, AUTO_INCREMENT=7;

--
-- AUTO_INCREMENT for table `identite`
--
ALTER TABLE `identite`
  MODIFY `IDENTITE_ID` int(11) NOT NULL AUTO_INCREMENT;

--
-- AUTO_INCREMENT for table `identite_hobby`
--
ALTER TABLE `identite_hobby`
  MODIFY `IDENTITE_HOBBY_ID` int(11) NOT NULL AUTO_INCREMENT;

--
-- AUTO_INCREMENT for table `precedentes_lieux_habitations`
--
ALTER TABLE `precedentes_lieux_habitations`
  MODIFY `PRECEDENTE_LIEU_ID` int(11) NOT NULL AUTO_INCREMENT;

--
-- AUTO_INCREMENT for table `sexe`
--
ALTER TABLE `sexe`
  MODIFY `SEXE_ID` int(11) NOT NULL AUTO_INCREMENT, AUTO_INCREMENT=3;

--
-- AUTO_INCREMENT for table `zones`
--
ALTER TABLE `zones`
  MODIFY `ZONE_ID` int(11) NOT NULL AUTO_INCREMENT, AUTO_INCREMENT=401;

--
-- Constraints for dumped tables
--

--
-- Constraints for table `collines`
--
ALTER TABLE `collines`
  ADD CONSTRAINT `collines_ibfk_1` FOREIGN KEY (`ZONE_ID`) REFERENCES `zones` (`ZONE_ID`) ON DELETE CASCADE;

--
-- Constraints for table `communes`
--
ALTER TABLE `communes`
  ADD CONSTRAINT `communes_ibfk_1` FOREIGN KEY (`PROVINCE_ID`) REFERENCES `provinces` (`PROVINCE_ID`) ON DELETE CASCADE;

--
-- Constraints for table `identite`
--
ALTER TABLE `identite`
  ADD CONSTRAINT `identite_ibfk_1` FOREIGN KEY (`SEXE_ID`) REFERENCES `sexe` (`SEXE_ID`),
  ADD CONSTRAINT `identite_ibfk_2` FOREIGN KEY (`ETAT_CIVIL_ID`) REFERENCES `etat_civil` (`ETAT_CIVIL_ID`),
  ADD CONSTRAINT `identite_ibfk_3` FOREIGN KEY (`COLLINE_ID`) REFERENCES `collines` (`COLLINE_ID`);

--
-- Constraints for table `identite_hobby`
--
ALTER TABLE `identite_hobby`
  ADD CONSTRAINT `identite_hobby_ibfk_1` FOREIGN KEY (`IDENTITE_ID`) REFERENCES `identite` (`IDENTITE_ID`) ON DELETE CASCADE,
  ADD CONSTRAINT `identite_hobby_ibfk_2` FOREIGN KEY (`ID_HOBBY`) REFERENCES `hobbies` (`ID_HOBBY`);

--
-- Constraints for table `precedentes_lieux_habitations`
--
ALTER TABLE `precedentes_lieux_habitations`
  ADD CONSTRAINT `precedentes_lieux_habitations_ibfk_1` FOREIGN KEY (`IDENTITE_ID`) REFERENCES `identite` (`IDENTITE_ID`) ON DELETE CASCADE;

--
-- Constraints for table `zones`
--
ALTER TABLE `zones`
  ADD CONSTRAINT `zones_ibfk_1` FOREIGN KEY (`COMMUNE_ID`) REFERENCES `communes` (`COMMUNE_ID`) ON DELETE CASCADE;
COMMIT;

/*!40101 SET CHARACTER_SET_CLIENT=@OLD_CHARACTER_SET_CLIENT */;
/*!40101 SET CHARACTER_SET_RESULTS=@OLD_CHARACTER_SET_RESULTS */;
/*!40101 SET COLLATION_CONNECTION=@OLD_COLLATION_CONNECTION */;
